COMPTES;DESCRIPTION;COMPTES;DESCRIPTION;Origine;Compte collectif NEW;Compte collectif;Repris à la main
101100;CAPITAL SOUSCRIT NON APPELE;;;;;;
101300;CAPITAL SOUSCRIT APPELE VERSE;10130000;CAPITAL SOUSCRIT - APPELÉ ET VERSÉ;;;;
104100;PRIMES EMISSIONS;10410000;PRIMES D'EMISSION;;;;
104200;PRIMES DE FUSIONS;10420000;PRIMES DE FUSION;;;;
104300;PRIMES D'APPORT;10430000;PRIMES D'APPORT;;;;
104400;PRIMES CONVERSION OBLIGATION;;;;;;
104500;BON DE SOUSCRIPTION D'ACTIONS;;;;;;
106110;RESERVE LEGALE;10611000;RESERVE LEGALE ;;;;
106400;RESERVE REGLEMENTEE;;;;;;
106410;RESERVE REGLEMENTEE PVLT;;;;;;
106800;RESERVE FACULTATIVES;10688000;RESERVES DIVERSES;;;;
106880;AUTRES RESERVES;10688000;RESERVES DIVERSES;;;;
109000;ACTIONN. CAP SOUSC NON APPELE;;;;;;
110000;REP A NOUVEAU CREDITEUR;11000000;REPORT A NOUVEAU (SOLDE CREDITEUR);;;;
119000;REP A NOUVEAU DEBITEUR;11900000;REPORT A NOUVEAU (SOLDE DEBITEUR);;;;
120000;RESULTAT EXERCICE (BENEF.);12000000;RESULTAT DE L'EXERCICE (BENEFICE);;;;
129000;RESULTAT DE L'EXERCICE (PERTE);12900000;RESULTAT DE L'EXERCICE (PERTE);;;;
142400;PROV INVESTISST /PARTICIPATION;;;;;;
145000;AMORTISSEMENTS DEROGATOIRES;14500000;AMORTISSEMENTS DEROGATOIRES;;;;
151100;PROV. LITIGE PERSONNEL;15110000;PROVISIONS POUR RISQUES RH;;;;
151200;PROVISION POUR RISQUE CLIENTS;15180000;AUTRES PROVISIONS POUR RISQUES;;;;
151300;PROVISION PERTE A TERMINAISON;15168100;PROVISIONS POUR PERTE SUR MARCHÉ À TERME;;;;
151500;PROVISION PERTES DE CHANGE;15150000;PROVISIONS POUR RISQUES DE CHANGE;;;;
151800;PROV. AUTRES LITIGES & RISQUES;15180000;AUTRES PROVISIONS POUR RISQUES;;;;
153100;PROVISION RETRAITES;15300100;PROVISIONS POUR RETRAITES;;;;
155000;PROVISION IMPOTS;15500000;PROVISIONS POUR IMPOTS;;;;
161000;EMPRUNT OBLIGATAIRE CONVERTIBL;16100000;EMPRUNTS OBLIGATAIRES;;;;
164000;EMPRUNT;16400000;EMPRUNTS AUPRES DES ETABLISSEMENTS DE CREDIT;;;;
165100;DEPOTS ET CAUTIONNEMENTS RECUS;16550000;DEPOTS ET CAUTIONNEMENTS RECUS;;;;
165500;Caution reçue ITN / Filhet Allard;16550000;DEPOTS ET CAUTIONNEMENTS RECUS;;;;
166000;PARTICIPATION DES SALARIES;;;;;;
167000;EMPRUNT-AVANCES CONDITIONNEES;;;;;;
167400;AVANCES CONDITIONNEES;16740000;AVANCES CONDITIONNEES;;;;
168100;AUTRES EMPRUNTS;;;;;;
168800;INTERETS COURUS SUR EMPRUNTS;16880000;INTÉRÊTS COURUS SUR EMPRUNTS;;;;
168830;INTERETS COURUS/EMPT OBLIGAT;16883000;INTÉRÊTS COURUS SUR EMPRUNTS OBLIGATAIRES;;;;
168860;INTERETS COURUS SUR PARTICIPATION DES SALARIES;;;;;;
171100;DETTE GFI INFO;17100019;DETTES RATTACHEES A DES PARTICIPATIONS (GROUPE);;X;;
171101;EMPRUNT GFI INFO (ITN);17100019;DETTES RATTACHEES A DES PARTICIPATIONS (GROUPE);;X;;
171102;DETTE GFI PROGICIELS/BUSINESS DOCUMENT;17100019;DETTES RATTACHEES A DES PARTICIPATIONS (GROUPE);;X;;
171103;DETTE GFI PROGICIELS / Société Financière Ordirope;17100019;DETTES RATTACHEES A DES PARTICIPATIONS (GROUPE);;X;;
171104;DETTE SIS;17100019;DETTES RATTACHEES A DES PARTICIPATIONS (GROUPE);;X;;
171142;DETTE GFI NB BELGIUM;17100019;DETTES RATTACHEES A DES PARTICIPATIONS (GROUPE);;X;;
171144;DETTE GFI PSF (Luxembourg);17100019;DETTES RATTACHEES A DES PARTICIPATIONS (GROUPE);;X;;
171400;DETTE FINANCIERE SINORG;17100019;DETTES RATTACHEES A DES PARTICIPATIONS (GROUPE);;X;;
171410;DETTE GFI PROGICIELS;17100019;DETTES RATTACHEES A DES PARTICIPATIONS (GROUPE);;X;;
171507;DETTES BWM SPRL (BELGIQUE);17100019;DETTES RATTACHEES A DES PARTICIPATIONS (GROUPE);;X;;
171508;DETTE GFI NV;17100019;DETTES RATTACHEES A DES PARTICIPATIONS (GROUPE);;X;;
171511;DETTE REAL DOLMEN NV;17100019;DETTES RATTACHEES A DES PARTICIPATIONS (GROUPE);;X;;
171515;DETTE EMD BELGIQUE;17100019;DETTES RATTACHEES A DES PARTICIPATIONS (GROUPE);;X;;
171661;DETTE GFI CONSULTING;17100019;DETTES RATTACHEES A DES PARTICIPATIONS (GROUPE);;X;;
171702;DETTES SOMAFOR C.I.;17100019;DETTES RATTACHEES A DES PARTICIPATIONS (GROUPE);;X;;
171890;DETTE GFI INTERNATIONAL (SUISSE);17100019;DETTES RATTACHEES A DES PARTICIPATIONS (GROUPE);;X;;
171900;DETTE ARCITEL (MADRID);17100019;DETTES RATTACHEES A DES PARTICIPATIONS (GROUPE);;X;;
171943;DETTE GFI INFORMATIK (ALL);17100019;DETTES RATTACHEES A DES PARTICIPATIONS (GROUPE);;X;;
171965;ROFF CONSULTORES INDEPENTES SA (965);17100019;DETTES RATTACHEES A DES PARTICIPATIONS (GROUPE);;X;;
171966;DETTE COMPUQUALI (PORTUGAL);17100019;DETTES RATTACHEES A DES PARTICIPATIONS (GROUPE);;X;;
171973;DETTE ROFF (SUEDE);17100019;DETTES RATTACHEES A DES PARTICIPATIONS (GROUPE);;X;;
171985;GRUPO CORPORATIVO GFI INFORARMATICA (Espagne);17100019;DETTES RATTACHEES A DES PARTICIPATIONS (GROUPE);;X;;
181000;COMPTE DE LIAISON INTER COMPENSATION AP AR;18100000;COMPTE DE LIAISON DE ETABLISSEMENTS;;;;
201100;FRAIS DE CONSTITUTION;;;;;;
201200;FRAIS D'ETABLISSEMENT;20100000;FRAIS D'ÉTABLISSEMENT;Servantissimo;;X;
201300;FRAIS AUGMENTATION CAPITAL;;;Servantissimo;;X;
203100;RECHERCHE & DEVELOPPEMENT;20300000;R&D ET CONCEPTION DE LOGICIELS;Servantissimo;;X;
205100;LOGICIELS ACQUIS;20510000;LOGICIELS ACQUIS;Servantissimo;;X;
205200;LOGICIELS CREES;20520000;LOGICIELS CRÉÉS INTERNE;Servantissimo;;X;
205300;MARQUES;20530000;MARQUES;Servantissimo;;X;
207000;FONDS COMMERCIAL;20700000;FONDS COMMERCIAL;Servantissimo;;X;
211000;TERRAINS;21100000;TERRAINS ;Servantissimo;;X;
213100;IMMEUBLES;21315000;BATIMENTS (ENSEMBLES IMMOB. ADM.& COM.);Servantissimo;;X;
213500;AMENAGEMENT CONSTRUCTION;21315000;BATIMENTS (ENSEMBLES IMMOB. ADM.& COM.);Servantissimo;;X;
215410;MAT INFORMATIQUE INDUSTRIEL;21541000;MATÉRIELS INDUSTRIELS - INFORMATIQUES;Servantissimo;;X;
215420;MATERIEL DE COMMUNICATION;21542000;MATÉRIELS INDUSTRIELS - COMMUNICATION;Servantissimo;;X;
215700;AGENCT & AMENAGT DU MATERIEL;21570000;AGENC.ET AMENAG. DU MATERIEL ET OUTIL.INDUSTRIEL;Servantissimo;;X;
218100;AGENCEMENTS INSTALLATIONS;21810000;INSTAL.GALES-AGENCMT.-AMENMT.DIVERS;Servantissimo;;X;
218200;MATERIEL DE TRANSPORT;21820000;MATERIEL DE TRANSPORT;Servantissimo;;X;
218300;MATERIEL DE BUREAU;21831000;MATÉRIEL DE BUREAU ;Servantissimo;;X;
218310;MATERIEL MICRO INFORMATIQUE;21830000;MATERIEL INFORMATIQUE;Servantissimo;;X;
218400;MOBILIER;21840000;MOBILIER;Servantissimo;;X;
218800;AUTRES IMMOS CORPORELLES;21880000;AUTRES IMMOBILISATIONS CORPORELLES;Servantissimo;;X;
231000;IMMOBILISATIONS CORP EN COURS;23100000;IMMOBILISATIONS CORPORELLES EN COURS;Servantissimo;;X;
232000;IMMOBILISATIONS INCOR EN COURS;23200000;IMMOBILISATIONS INCORPORELLES EN COURS EXTERNE;Servantissimo;;X;
232500;Immobilisations incorporelles en-cours (R&D);23200000;IMMOBILISATIONS INCORPORELLES EN COURS EXTERNE;Servantissimo;;X;
233000;AUTRES IMMOBILISATIONS INCORPORELLES;23300000;IMMOBILISATIONS INCORPORELLES EN COURS INTERNE;Servantissimo;;X;
261000;TITRES HORS GROUPE;26100019;TITRES DE PARTICIPATION;;X;;
261001;TITRES ALTEAM;26100019;TITRES DE PARTICIPATION;;X;;
261002;TITRES INFORMAT&STATIST(10%);26100019;TITRES DE PARTICIPATION;;X;;
261004;TITRES NORD SUD INFORMATIQUE BENIN;26100019;TITRES DE PARTICIPATION;;X;;
261006;TITRES SIMAC/SCET TUNISIE;26100019;TITRES DE PARTICIPATION;;X;;
261100;TITRES GFI INFORMATIQUE;26100019;TITRES DE PARTICIPATION;;X;;
261135;TITRES GFI ELIOS;26100019;TITRES DE PARTICIPATION;;X;;
261140;TITRES GFI BENELUX;26100019;TITRES DE PARTICIPATION;;X;;
261142;TITRES GFI NEW BUSINESS BELG.;26100019;TITRES DE PARTICIPATION;;X;;
261143;TITRES NETHERLANDS CONSULTING;26100019;TITRES DE PARTICIPATION;;X;;
261144;TITRES ARES LUXEMBOURG;26100019;TITRES DE PARTICIPATION;;X;;
261145;Titres de participation Gfi Infrastructure Services PSF SA;26100019;TITRES DE PARTICIPATION;;X;;
261300;TITRES GFI CHRONO-TIME;26100019;TITRES DE PARTICIPATION;;X;;
261301;TITRES SCBF;26100019;TITRES DE PARTICIPATION;;X;;
261303;TITRES GIFI 1;26100019;TITRES DE PARTICIPATION;;X;;
261304;TITRES GIFI 2;26100019;TITRES DE PARTICIPATION;;X;;
261313;TITRES IBERIXI Espagne;26100019;TITRES DE PARTICIPATION;;X;;
261317;TITRES IXI CANADA;26100019;TITRES DE PARTICIPATION;;X;;
261400;TITRES FINANCIERE SINORG;26100019;TITRES DE PARTICIPATION;;X;;
261401;TITRES GIFI 3;26100019;TITRES DE PARTICIPATION;;X;;
261402;TITRES GIFI 4;26100019;TITRES DE PARTICIPATION;;X;;
261403;TITRES GFI BUS;26100019;TITRES DE PARTICIPATION;;X;;
261404;TITRES DE PARTICIPATION GFI7;26100019;TITRES DE PARTICIPATION;;X;;
261405;TITRES DE PARTICIPATION GFI8;26100019;TITRES DE PARTICIPATION;;X;;
261406;TITRES DE PARTICIPATION GFI9;26100019;TITRES DE PARTICIPATION;;X;;
261409;TITRES DE PARTICIPATION SIS;26100019;TITRES DE PARTICIPATION;;X;;
261410;TITRES GFI PROGICIELS;26100019;TITRES DE PARTICIPATION;;X;;
261411;TITRES ADIX;26100019;TITRES DE PARTICIPATION;;X;;
261412;TITRES GEOSPHERE;26100019;TITRES DE PARTICIPATION;;X;;
261413;TITRES COGNITIS GROUP;26100019;TITRES DE PARTICIPATION;;X;;
261414;TITRES COGNITIS FRANCE;26100019;TITRES DE PARTICIPATION;;X;;
261415;TITRES ADDSTONES;26100019;TITRES DE PARTICIPATION;;X;;
261416;TITRES VANILLA UK CONSULTING LTD;26100019;TITRES DE PARTICIPATION;;X;;
261417;TITRES COGNITIS SYSTEMS INC;26100019;TITRES DE PARTICIPATION;;X;;
261418;TITRES GFI BUSINESS TRANSFORMATION;26100019;TITRES DE PARTICIPATION;;X;;
261419;TITRES ADDSTONES;26100019;TITRES DE PARTICIPATION;;X;;
261420;TITRES SL PROCRESS;26100019;TITRES DE PARTICIPATION;;X;;
261421;TITRES AWAK'IT;26100019;TITRES DE PARTICIPATION;;X;;
261422;TITRES TIKAWA;26100019;TITRES DE PARTICIPATION;;X;;
261424;TITRES AIRIAL;26100019;TITRES DE PARTICIPATION;;X;;
261425;TITRES ITN;26100019;TITRES DE PARTICIPATION;;X;;
261426;TITRES DACRYDIUM;26100019;TITRES DE PARTICIPATION;;X;;
261427;TITRES IT;26100019;TITRES DE PARTICIPATION;;X;;
261435;TITRES FINANCIERE ORDIROPE;26100019;TITRES DE PARTICIPATION;;X;;
261436;TITRES TAHIS CONSULTING;26100019;TITRES DE PARTICIPATION;;X;;
261437;TITRES BUSINESS DOCUMENT;26100019;TITRES DE PARTICIPATION;;X;;
261438;TITRES DE PARTICIPATION NOVULYS;26100019;TITRES DE PARTICIPATION;;X;;
261439;TITRES DE PARTICIPATION METAWARE;26100019;TITRES DE PARTICIPATION;;X;;
261440;TITRES GIE ANIS;26100019;TITRES DE PARTICIPATION;;X;;
261441;TITRES GARSYS;26100019;TITRES DE PARTICIPATION;;X;;
261442;TITRES T&BS;26100019;TITRES DE PARTICIPATION;;X;;
261470;TITRES NEMAUSIC;26100019;TITRES DE PARTICIPATION;;X;;
261471;TITRES SCI VIA DOMITIA;26100019;TITRES DE PARTICIPATION;;X;;
261500;TITRES GFI GROUPE IP;26100019;TITRES DE PARTICIPATION;;X;;
261501;TITRES GFI IP;26100019;TITRES DE PARTICIPATION;;X;;
261504;TITRES INFORMATIQUE ENTREPRISE SOLUTIONS;26100019;TITRES DE PARTICIPATION;;X;;
261505;TITRES GFI CONSEIL ET INTEGRATION DE SOLUTIONS;26100019;TITRES DE PARTICIPATION;;X;;
261507;TITRES BWM SPRL;26100019;TITRES DE PARTICIPATION;;X;;
261508;TITRES ADELIOR BENELUX;26100019;TITRES DE PARTICIPATION;;X;;
261509;TITRES ALGORIEL;26100019;TITRES DE PARTICIPATION;;X;;
261511;TITRES REALDOLMEN;26100019;TITRES DE PARTICIPATION;;X;;
261517;TITRES A2PC;26100019;TITRES DE PARTICIPATION;;X;;
261520;TITRES GROUPE BTD;26100019;TITRES DE PARTICIPATION;;X;;
261521;TITRES ALLIANCE INGENIERIE;26100019;TITRES DE PARTICIPATION;;X;;
261523;TITRES BTD CONSULTING;26100019;TITRES DE PARTICIPATION;;X;;
261524;TITRES ELLITE;26100019;TITRES DE PARTICIPATION;;X;;
261526;TITRES BBS ONE;26100019;TITRES DE PARTICIPATION;;X;;
261580;TITRES SNCI;26100019;TITRES DE PARTICIPATION;;X;;
261661;TITRES GFI CONSULTING;26100019;TITRES DE PARTICIPATION;;X;;
261662;TITRES BRAND NEW DAY CONSULTING;26100019;TITRES DE PARTICIPATION;;X;;
261663;TITRES INFOGEN SYSTEMS;26100019;TITRES DE PARTICIPATION;;X;;
261664;TITRES GFI INFOGEN;26100019;TITRES DE PARTICIPATION;;X;;
261665;TITRES GFI MONETIC;26100019;TITRES DE PARTICIPATION;;X;;
261667;TITRES SRM GFI;26100019;TITRES DE PARTICIPATION;;X;;
261668;TITRES OPTIMEUS;26100019;TITRES DE PARTICIPATION;;X;;
261669;TITRES ANTAE;26100019;TITRES DE PARTICIPATION;;X;;
261701;TITRES SOMAFOR France;26100019;TITRES DE PARTICIPATION;;X;;
261702;TITRES SOMAFOR RCI;26100019;TITRES DE PARTICIPATION;;X;;
261750;TITRES INFORMAT. ET SERVICES;26100019;TITRES DE PARTICIPATION;;X;;
261800;TITRES GIFIMO;26100019;TITRES DE PARTICIPATION;;X;;
261801;TITRES IMPAQ Sp Zoo;26100019;TITRES DE PARTICIPATION;;X;;
261803;TITRES IMPAQ UK;26100019;TITRES DE PARTICIPATION;;X;;
261816;TITRES TRIANZ;26100019;TITRES DE PARTICIPATION;;X;;
261890;TITRES GFI INTERNATIONAL SA SUISSE;26100019;TITRES DE PARTICIPATION;;X;;
261930;TITRES GARSYS TUNISIE;26100019;TITRES DE PARTICIPATION;;X;;
261933;TITRES CYNAPSIS INC;26100019;TITRES DE PARTICIPATION;;X;;
261956;TITRES BULL PORTUGAL;26100019;TITRES DE PARTICIPATION;;X;;
261966;TITRES GFI PORTUGAL;26100019;TITRES DE PARTICIPATION;;X;;
261970;TITRES THETA SISTEMI Italie;26100019;TITRES DE PARTICIPATION;;X;;
261980;TITRES GFI CANADA;26100019;TITRES DE PARTICIPATION;;X;;
261981;TITRES GFI ITALIA (EX OIS);26100019;TITRES DE PARTICIPATION;;X;;
261985;TITRES GFI GROUPO CORPORATIVO MADRID;26100019;TITRES DE PARTICIPATION;;X;;
261987;TITRES VALUE PASS;26100019;TITRES DE PARTICIPATION;;X;;
261989;TITRES HOLDING GFI MAROC;26100019;TITRES DE PARTICIPATION;;X;;
261997;TITRES METAWARE SERVICES (Maroc);26100019;TITRES DE PARTICIPATION;;X;;
261998;TITRES GFI MAROC OFFSHORE;26100019;TITRES DE PARTICIPATION;;X;;
261999;DESACTIVE;;;;;;
266941;APP N CAP G INFO GMBH Allemagne;26710019;CREANCES RATTACHEES GROUPE;;X;;
266981;APP N CAP G ITALIA;26710019;CREANCES RATTACHEES GROUPE;;X;;
267100;CREANCE GFI INFO;26710019;CREANCES RATTACHEES GROUPE;;X;;
267140;CREANCE GFI BENELUX;26710019;CREANCES RATTACHEES GROUPE;;X;;
267143;CREANCE CONSULTING NETHERLAND PAYS BAS;26710019;CREANCES RATTACHEES GROUPE;;X;;
267145;CREANCE GFI PSF SA;26710019;CREANCES RATTACHEES GROUPE;;X;;
267210;CREANCE GFI LEVANTE;26710019;CREANCES RATTACHEES GROUPE;;X;;
267313;créances rattachées Bdoc US;26710019;CREANCES RATTACHEES GROUPE;;X;;
267317;Créance Roff France;26710019;CREANCES RATTACHEES GROUPE;;X;;
267410;CREANCE GFI PROGICIEL;26710019;CREANCES RATTACHEES GROUPE;;X;;
267411;CREANCE GFI PROGICIELS (ITN);26710019;CREANCES RATTACHEES GROUPE;;X;;
267412;CREANCE GFI PROGICIELS/BUSINESS DOCUMENT;26710019;CREANCES RATTACHEES GROUPE;;X;;
267413;CREANCE GFI PROGICIELS / STE FINANCIERE ORDIROPE;26710019;CREANCES RATTACHEES GROUPE;;X;;
267415;CREANCE ADDSTONES;26710019;CREANCES RATTACHEES GROUPE;;X;;
267507;CREANCE BWM SPRL (BELGIQUE);26710019;CREANCES RATTACHEES GROUPE;;X;;
267508;CREANCE ADELIOR BENELUX;26710019;CREANCES RATTACHEES GROUPE;;X;;
267661;CREANCE GFI CONSULTING;26710019;CREANCES RATTACHEES GROUPE;;X;;
267700;DIVIDENDES A RECEVOIR;26710019;CREANCES RATTACHEES GROUPE;;X;;
267702;Créance Somafor Côte d'Ivoire;26710019;CREANCES RATTACHEES GROUPE;;X;;
267801;IMPAQ SPOLKA ZOO;26710019;CREANCES RATTACHEES GROUPE;;X;;
267803;C/C IMPAQ UK;26710019;CREANCES RATTACHEES GROUPE;;X;;
267811;CREANCE GFI AUSTRIA;26710019;CREANCES RATTACHEES GROUPE;;X;;
267814;CREANCE BRIDGEO (Cameroun);26710019;CREANCES RATTACHEES GROUPE;;X;;
267889;CREANCE GENESIS;26710019;CREANCES RATTACHEES GROUPE;;X;;
267890;CREANCE GFI INT'L (SUISSE);26710019;CREANCES RATTACHEES GROUPE;;X;;
267891;CREANCE IMPAQ AG (SUISSE);26710019;CREANCES RATTACHEES GROUPE;;X;;
267930;CREANCE GFI TUNISIE;26710019;CREANCES RATTACHEES GROUPE;;X;;
267936;CREANCE AST (MADRID);26710019;CREANCES RATTACHEES GROUPE;;X;;
267941;CREANCE GFI INFO GMBH;26710019;CREANCES RATTACHEES GROUPE;;X;;
267943;CREANCE GFI INFORMATIK (ALL);26710019;CREANCES RATTACHEES GROUPE;;X;;
267955;CREANCE NETUAL (PORTUGAL);26710019;CREANCES RATTACHEES GROUPE;;X;;
267956;CREANCE BULL PORTUGUESA;26710019;CREANCES RATTACHEES GROUPE;;X;;
267965;CREANCE ROFF Portugal;26710019;CREANCES RATTACHEES GROUPE;;X;;
267966;CREANCE COMPUQUALI;26710019;CREANCES RATTACHEES GROUPE;;X;;
267969;CREANCE GFI MAROC;26710019;CREANCES RATTACHEES GROUPE;;X;;
267980;CREANCE GFI CANADA;26710019;CREANCES RATTACHEES GROUPE;;X;;
267981;CREANCE GFI ITALIA / OIS;26710019;CREANCES RATTACHEES GROUPE;;X;;
267985;CREANCEGROUPO CORPORAT (MADRID);26710019;CREANCES RATTACHEES GROUPE;;X;;
267987;CREANCE VALUE PASS (987);26710019;CREANCES RATTACHEES GROUPE;;X;;
267989;CREANCE HOLDING GFI MAROC;26710019;CREANCES RATTACHEES GROUPE;;X;;
267992;C/C Gfi Informatique Middle East Software House LLC;26710019;CREANCES RATTACHEES GROUPE;;X;;
267997;CREANCE METAWARE SERVICES MAROC;26710019;CREANCES RATTACHEES GROUPE;;X;;
267998;CREANCE GFI MAROC OFFSHORE;26710019;CREANCES RATTACHEES GROUPE;;X;;
274100;AVANCES A GFI INFORMATIQUE;;;;;;
274400;PRETS AU PERSONNEL;27440000;PRETS AU PERSONNEL;;;;
274800;PRETS A LA CONSTRUCTION;27480000;AUTRES PRETS;;;;
275100;DEPOTS & CAUTIONNEMENTS VERSES;27500000;DÉPÔTS ET CAUTIONNEMENTS VERSÉS ;;;;
275401;COMPTE DE GARANTIE EUROFACTOR CRCAM;27500000;DÉPÔTS ET CAUTIONNEMENTS VERSÉS ;;;;
276100;CREANCES CICE RETENUES;27610000;CREANCES FINANCIERES DIVERSES;;;;
276200;CREANCE CIR RETENUE;27610000;CREANCES FINANCIERES DIVERSES;;;;
280100;AMORT FRAIS CONSTITUTION;;;Servantissimo;;;
280120;AMORT FRAIS ETABLISSEMENTS;28010000;AMORTISSEMENT FRAIS D'ÉTABLISSEMENT ;Servantissimo;;;
280130;AMORT FRAIS AUGMENTATION CAPIT;;;Servantissimo;;;
280300;AMORT RECHERCHE & DEVELOPPT;28030000;AMORTISSEMENT R&D ET CONCEPTION DE LOGICIELS;Servantissimo;;;
280510;AMORT LOGICIELS;28051000;AMORTISSEMENT LOGICIELS ACQUIS;Servantissimo;;;
280520;AMORT LOGICIELS CREES;28052000;AMORTISSEMENT LOGICIELS CRÉÉS;Servantissimo;;;
280530;AMORT MARQUES;28053000;AMORTISSEMENT MARQUES;Servantissimo;;;
280700;AMORTISSEM FONDS COMMERCIAL;28070000;AMORTISSEMENT DU FONDS COMMERCIAL;Servantissimo;;;
281300;AMORTISSEMENTS IMMEUBLE;28131500;AMORTISSEMENT BATIMENTS (ENSEMBLES IMM. ADM.& COM);Servantissimo;;;
281350;AMORT CONSTRUCTION;28131500;AMORTISSEMENT BATIMENTS (ENSEMBLES IMM. ADM.& COM);Servantissimo;;;
281541;AMORT MAT INFORMAT INDUSTRIEL;28154100;AMORTISSEMENT MATÉRIELS INDUSTRIELS INFORMATIQUES;Servantissimo;;;
281542;AMORT DU MATERIEL DE COMMUNIC.;28154200;AMORTISSEMENT MATÉRIELS INDUSTRIELS COMMUNICATION;Servantissimo;;;
281570;AMORT AGENCT MATERIEL;28157000;AMORTISSEMENT AGENC/AMENAG DU MAT&OUTIL.INDUSTRIEL;Servantissimo;;;
281810;AMORT AGENC & INSTALLATIONS;28181000;AMORTISSEMENT INST.GLES-AGENC.-AMEN.DIV.;Servantissimo;;;
281820;AMORT MATERIEL TRANSPORT;28182000;AMORTISSEMENT MATERIEL DE TRANSPORT;Servantissimo;;;
281830;AMORT MATERIEL BUREAU;28183100;AMORTISSEMENT MATÉRIEL DE BUREAU ;Servantissimo;;;
281831;AMORT MICRO INFORMATIQUE;28183000;AMORTISSEMENT MATERIEL INFORMATIQUE;Servantissimo;;;
281840;AMORT MOBILIER;28184000;AMORTISSEMENT MOBILIER;Servantissimo;;;
;;28188000;AMORTISSEMENT AUTRES IMMO CORPORELLES;Servantissimo;;;
290500;PROV DEPREC LOGICIELS;29050000;PROVISIONS DEP. CONCESSIONS ET DROITS SIMILAIRES ;;;;
290700;PROV DEP DES FDS COMMERCE;29070000;PROVISIONS DEP. FONDS COMMERCIAL;;;;
291000;PROV DEP IMMOS CORPS;;;;;;
296100;PROV DEP TITRES PARTICIPATION;29610009;PROVISIONS DEP. TITRES DE PARTICIPATION GROUP;;X;;
296700;PROV DEPR.CREANCES RATT.PARTICIP.;29670009;PROVISIONS DÉP. CRÉANCES RATT À DES PARTICIPATIONS;;X;;
296893;PROV /C CALLEO GERMANY;;;;;;
296970;PROV TITRES THETA;;;;;;
297500;PROV DEP DEPOTS;29660000;PROVISIONS DEP. DEPOTS;;;;
297510;PROV DEP DEPOT ET CAUTIONNEMENT;29660000;PROVISIONS DEP. DEPOTS;;;;
311000;MATIERES PREMIERES FOURNITURES;;;;;;
331100;STOCK PRODUCT BIENS;;;;;;
370000;STOCK DE MARCHANDISES;37100000;STOCK MARCHANDISES ;;;;
371100;MATERIEL INFORMATIQUE;37110000;STOCK MATÉRIEL INFORMATIQUE;;;;
372100;LICENCES INFORMATIQUES;37210000;STOCK LICENCES INFORMATIQUES;;;;
391100;PROV DEP MATIERE PREMIERE;39710000;PROVISIONS DEPRECIATION STOCK ;;;;
393100;PROV DEPREC PRODUCT BIENS;39710000;PROVISIONS DEPRECIATION STOCK ;;;;
397000;PROV DEP MARCHANDISES;39710000;PROVISIONS DEPRECIATION STOCK ;;;;
397100;PROV DEP MATERIEL INFORMATIQUE;39710000;PROVISIONS DEPRECIATION STOCK ;;;;
401100;FOURNISSEURS BIENS & SERVICE;40101000;FOURNISSEURS NATIONAL HG;;;X;
401110;FOURNISSEURS GROUPE;40101009;FOURNISSEURS NATIONAL GROUPE;;;X;
;;40102009;FOURNISSEURS UE GROUPE;;;X;
;;40103009;FOURNISSEURS Hors UE GROUPE;;;X;
401150;FOURNISSEURS EXPORTS;40103000;FOURNISSEURS Hors UE HG;;;X;
;;40102000;FOURNISSEURS UE HG;;;X;
;;40171000;FOURNISSEURS - RETENUE DE GARANTIE NAT;;;X;
;;40172000;FOURNISSEURS - RETENUE DE GARANTIE UE;;;X;
;;40173000;FOURNISSEURS - RETENUE DE GARANTIEV HORS UE;;;X;
401151;FOURNISSEURS EXO ALGERIE;40103009;FOURNISSEURS Hors UE GROUPE;;;X;
401200;Fournisseurs Apports;;;;;;
401900;FOURNISSEURS ECARTS DE CONVERSION;40190000;FOURNISSEURS - ECART CONVERSION HG;;;X;
401999;FOURNISSEURS ECARTS DE CONVERSION;40190009;FOURNISSEURS - ECART CONVERSION GROUPE;;;X;
402000;DETTES D'EXPLOITATION DIVERSES;;;;;;
404100;FOURNISSEURS IMMOBILISATION;40410000;FOURNISSEURS IMMOBILISATIONS;;;X;
408100;FACTURE NON PARVENUE MODULE PO;40810000;FOURNISSEURS - FNP ENTREE MISES - FAC/FAB HG;;;;
;;40810009;FOURNISSEURS - FNP ENTREE MISES - FAC/FAB GRP;;;;
408101;FACTURE NON PARVENUE INTRAGROUPE;40810019;FOURNISSEURS - FNP COMPTA AUXILIARISE GRP MANUEL;;;X;
;;40810049;FOURNISSEURS - FNP CG AUXILIARISE GROUPE MANUEL;;;X;
;;40810059;FOURNISSEURS - FNP NON AUXILIARISE GROUPE MANUEL;;;;
408150;FACTURE NON PARVENUE HORS MODULE;40810010;FOURNISSEURS - FNP COMPTA AUXILIARISE HG MANUEL;;;X;
;;40810040;FOURNISSEURS - FNP CG AUXILIARISE HG MANUEL;;;X;
;;40810050;FOURNISSEURS - FNP NON AUXILIARISE HG MANUEL;;;;
408200;FACTURE NON PARVENUE - SUIVI DES FRANCHISES DE LOYER;40820010;FOURNISSEURS - FNP SUIVI DES FRANCHISES LOYERS;;;;
408400;FOURNISSEUR FACTURE NON PARVENUE D IMMOBILISATION;40840000;FOURNISSEURS - FNP ENTREE IMMOS - FACTURE/FAB;;;;
;;40840010;FOURNISSEURS - FNP IMMOBILISATIONS;;;X;
409100;AVANCES FOURNISSEURS;40911000;FOURNISSEURS - ACPTES NATIONAL HG;;;X;
;;40912000;FOURNISSEURS - ACPTES UE HG;;;X;
;;40913000;FOURNISSEURS - ACPTES Hors UE ;;;X;
409700;AVOIR A RECEVOIR;40981000;FOURNISSEURS - AAR NATIONAL HG;;;;
;;40981010;FOURNISSEURS - AAR COMPTA AUXILIARISE HG MANUEL;;;X;
;;40981040;FOURNISSEURS - AAR CG AUXILIARISE HG MANUEL;;;X;
;;40981050;FOURNISSEURS - AAR HG MANUEL;;;;
409701;AVOIR A RECEVOIR INTRA-GROUPE;40981009;FOURNISSEURS - AAR NATIONAL GROUPE;;;;
;;40981019;FOURNISSEURS - AAR COMPTA AUXILIARISE GRP MANUEL;;;X;
;;40981049;FOURNISSEURS - AAR CG AUXILIARISE GROUPE MANUEL;;;X;
;;40981059;FOURNISSEURS - AAR GROUPE MANUEL;;;;
411060;CLIENT ORANGE/CGA/OTE;41101010;CLIENTS ORANGE / GCA / OTE;Syges;;X;
411070;CLIENTS FACTOR;41101070;CLIENTS FACTOR ;Syges;;X;
411073;CLIENT FACTOR BNP BUS;;;;;;
411074;CLIENT FACTOR TUP COGNITIS;;;;;;
411075;CLIENT FACTOR TUP GFI IP;;;;;;
41108(;CONTREPARTIE CLIENTS FACTOR TUP GFI IP;;;;;;
411080;CONTREPARTIE CLIENTS FACTOR;41101080;CLIENTS CREANCES CEDEES FACTOR;;;;
411083;CONTREPARTIE CLIENTS BNP FACTOR - ENCOURS INDISPONIBLE;;;;;;
411084;CONTREPARTIE CLIENTS FACTOR TUP COGNITIS;;;;;;
411085;CONTREPARTIE CLIENTS FACTOR TUP GFI IP;;;;;;
411090;CLIENTS EUROFACTOR - 1;;;;;;
411110;CLIENTS HORS FACTOR;41102000;CLIENTS UE HG;Syges;;X;
;;41101000;CLIENTS NATIONAL HG;Syges;;X;
411120;CLIENTS REPRISE THALES;;;;;;
411140;CLIENTS GROUPE;41101009;CLIENTS NATIONAL GROUPE;Syges;;X;
;;41103009;CLIENTS Hors UE GROUPE;Syges;;X;
;;41102009;CLIENTS UE GROUPE;Syges;;X;
411151;CLIENTS EXO ALGERIE;41103009;CLIENTS Hors UE GROUPE;Syges;;X;
411150;CLIENTS EXPORT;41103000;CLIENTS Hors UE HG;Syges;;X;
;;41171000;CLIENTS - RETENUE DE GARANTIE NAT;;;X;
;;41172000;CLIENTS - RETENUE DE GARANTIE UE;;;X;
;;41173000;CLIENTS - RETENUE DE GARANTIE HORS UE;;;X;
411200;Clients Apports;;;;;;
411900;CLIENTS ECARTS DE CONVERSION;41190000;CLIENTS - ECART CONVERSION HG;;;X;
411999;CLIENTS ECARTS DE CONVERSION;41190009;CLIENTS - ECART CONVERSION GROUPE;;;X;
413001;EFFETS A RECEVOIR JANVIER;41300000;CLIENTS - EFFETS A RECEVOIR;;;X;
413002;EFFETS A RECEVOIR FEVRIER;41300000;CLIENTS - EFFETS A RECEVOIR;;;X;
413003;EFFETS A RECEVOIR MARS;41300000;CLIENTS - EFFETS A RECEVOIR;;;X;
413004;EFFETS A RECEVOIR AVRIL;41300000;CLIENTS - EFFETS A RECEVOIR;;;X;
413005;EFFETS A RECEVOIR MAI;41300000;CLIENTS - EFFETS A RECEVOIR;;;X;
413006;EFFETS A RECEVOIR JUIN;41300000;CLIENTS - EFFETS A RECEVOIR;;;X;
413007;EFFETS A RECEVOIR JUILLET;41300000;CLIENTS - EFFETS A RECEVOIR;;;X;
413008;EFFETS A RECEVOIR AOUT;41300000;CLIENTS - EFFETS A RECEVOIR;;;X;
413009;EFFETS A RECEVOIR SEPTEMBRE;41300000;CLIENTS - EFFETS A RECEVOIR;;;X;
413010;EFFETS A RECEVOIR OCTOBRE;41300000;CLIENTS - EFFETS A RECEVOIR;;;X;
413011;EFFETS A RECEVOIR NOVEMBRE;41300000;CLIENTS - EFFETS A RECEVOIR;;;X;
413012;EFFETS A RECEVOIR DECEMBRE;41300000;CLIENTS - EFFETS A RECEVOIR;;;X;
413701;EAR FACTOR BNP JANVIER;41370000;FACTOR - EFFETS À RECEVOIR ;;;X;
413702;EAR FACTOR BNP FEVRIER;41370000;FACTOR - EFFETS À RECEVOIR ;;;X;
413703;EAR FACTOR BNP MARS;41370000;FACTOR - EFFETS À RECEVOIR ;;;X;
413704;EAR FACTOR BNP AVRIL;41370000;FACTOR - EFFETS À RECEVOIR ;;;X;
413705;EAR FACTOR BNP MAI;41370000;FACTOR - EFFETS À RECEVOIR ;;;X;
413706;EAR FACTOR BNP JUIN;41370000;FACTOR - EFFETS À RECEVOIR ;;;X;
413707;EAR FACTOR BNP JUILLET;41370000;FACTOR - EFFETS À RECEVOIR ;;;X;
413708;EAR FACTOR BNP AOUT;41370000;FACTOR - EFFETS À RECEVOIR ;;;X;
413709;EAR FACTOR BNP SEPTEMBRE;41370000;FACTOR - EFFETS À RECEVOIR ;;;X;
413710;EAR FACTOR BNP OCTOBRE;41370000;FACTOR - EFFETS À RECEVOIR ;;;X;
413711;EAR FACTOR BNP NOVEMBRE;41370000;FACTOR - EFFETS À RECEVOIR ;;;X;
413712;EAR FACTOR BNP DECEMBRE;41370000;FACTOR - EFFETS À RECEVOIR ;;;X;
416100;CLIENTS DOUTEUX;41600000;CLIENTS DOUTEUX OU LITIGIEUX;;;X;
418100;FACTURES A ETABLIR;41801000;CLIENTS - FACTURES A ETABLIR NATIONAL HG;Syges;;;
;;41802000;CLIENTS - FACTURES A ETABLIR UE HG;Syges;;;
;;41803000;CLIENTS - FACTURES A ETABLIR Hors UE HG;Syges;;;
;;41801010;CLIENTS - FACTURES A ETABLIR CPTA NAT HG MANUEL;;;X;
;;41802010;CLIENTS - FACTURES A ETABLIR CPTA UE HG MANUEL;;;X;
;;41803010;CLIENTS - FACTURES A ETABLIR CPTA Hors UE HG MANU;;;X;
;;41801040;CLIENTS - FACTURES A ETABLIR CG NATIONAL HG MANUEL;;;X;
;;41802040;CLIENTS - FACTURES A ETABLIR CG UE HG MANUEL;;;X;
;;41803040;CLIENTS - FACTURES A ETABLIR CG Hors UE HG MANUEL;;;X;
;;41801050;CLIENTS - FACTURES A ETABLIR NON AUX NAT HG MANUEL;;;;
418101;FACT A ETABLIR - INTRAGROUPE;41801009;CLIENTS - FACTURES A ETABLIR NATIONAL GROUPE;Syges;;;
;;41802009;CLIENTS - FACTURES A ETABLIR UE GROUPE;Syges;;;
;;41803009;CLIENTS - FACTURES A ETABLIR Hors UE GROUPE;Syges;;;
;;41801019;CLIENTS - FACTURES A ETABLIR CPTA NAT GRP MANUEL;;;X;
;;41802019;CLIENTS - FACTURES A ETABLIR CPTA UE GRP MANUEL;;;X;
;;41803019;CLIENTS - FACTURES A ETABLIR CPTA Hors UE GRP MANU;;;X;
;;41801049;CLIENTS - FACTURES A ETABLIR CG NAT GRP MANUEL;;;X;
;;41802049;CLIENTS - FACTURES A ETABLIR CG UE GROUPE MANUEL;;;X;
;;41803049;CLIENTS - FACTURES A ETABLIR CG Hors UE GRP MANUEL;;;X;
;;41801059;CLIENTS - FACTURES A ETABLIR NON AUX NAT GRP MANU;;;;
419100;FACTURES D'ACOMPTES;41911000;CLIENTS - AVCES & ACPTES RECUS / CDES NATIONAL HG;Syges;;X;
419200;AVANCES CLIENTS SANS FACTURE;41912000;CLIENTS - AVCES & ACPTES RECUS / CDES UE HG;Syges;;X;
;;41913000;CLIENTS - AVCES & ACPTES RECUS / CDES Hors UE HG;Syges;;X;
419800;AVOIRS A ETABLIR;41981000;CLIENTS - AVOIRS A ETABLIR NATIONAL HG;Syges;;;
;;41982000;CLIENTS - AVOIRS A ETABLIR UE HG;Syges;;;
;;41983000;CLIENTS - AVOIRS A ETABLIR Hors UE HG;Syges;;;
;;41981010;CLIENTS - AVOIRS A ETABLIR CPTA NATIONAL HG MANUEL;;;X;
;;41982010;CLIENTS - AVOIRS A ETABLIR CPTA UE HG MANUEL;;;X;
;;41983010;CLIENTS - AVOIRS A ETABLIR CPTA Hors UE HG MANUEL;;;X;
;;41981040;CLIENTS - AVOIRS A ETABLIR CG NATIONAL HG MANUEL;;;X;
;;41982040;CLIENTS - AVOIRS A ETABLIR CG UE HG MANUEL;;;X;
;;41983040;CLIENTS - AVOIRS A ETABLIR CG Hors UE HG MANUEL;;;X;
;;41981050;CLIENTS - AVOIRS A ETABLIR NATIONAL HG NON AUX;;;;
419801;AVOIRS A ETABLIR - INTRAGROUPE;41981009;CLIENTS - AVOIRS A ETABLIR NATIONAL GROUPE;Syges;;;
;;41982009;CLIENTS - AVOIRS A ETABLIR UE GROUPE;Syges;;;
;;41983009;CLIENTS - AVOIRS A ETABLIR Hors UE GROUPE;Syges;;;
;;41981019;CLIENTS - AVOIRS A ETABLIR CPTA NATIONAL GRP MANU;;;X;
;;41982019;CLIENTS - AVOIRS A ETABLIR CPTA UE GROUPE MANUEL;;;X;
;;41983019;CLIENTS - AVOIRS A ETABLIR CPTA Hors UE GRP MANUEL;;;X;
;;41981049;CLIENTS - AVOIRS A ETABLIR CG NATIONAL GRP MANUEL;;;X;
;;41982049;CLIENTS - AVOIRS A ETABLIR CG UE GROUPE MANUEL;;;X;
;;41983049;CLIENTS - AVOIRS A ETABLIR CG Hors UE GRP MANUEL;;;X;
;;41981059;CLIENTS - AVOIRS A ETABLIR NATIONAL GROUPE NON AUX;;;;
421100;REMUNERATIONS DUES;42110000;PERSONNEL - RÉMUNÉRATIONS DUES ;Arcole;;;
;;42140000;NDF - PERSONNEL ;CONCUR;X;;
421200;Rémunérations DUES hors ARCOLE;;;;;;
421300;REMUNERATION DUES 415 et 416;;;;;;
422000;COMITE D'ENTREPRISE;42200000;COMITE D'ENTREPRISE - D'ETABLISSEMENT;Arcole;;;
425000;ACOMPTE TICKET RESTAURANT;42511000;PERSONNEL - AVANCES ET ACOMPTES SUR FRAIS;Arcole;;;
425100;AVANCES & ACPTES SUR SALAIRES;42510000;PERSONNEL - AVANCES et ACOMPTES VERSES ;Arcole;;;
425110;AVANCES SUR NOTES DE FRAIS;42511000;PERSONNEL - AVANCES ET ACOMPTES SUR FRAIS;Arcole;;;
425111;AVANCES CP AGS;;;;;;
425115;AVANCES PERMANENTES;42511500;PERSONNEL - AVANCES PERMANENTES;Arcole;;;
425120;ACOMPTES SUR PRIMES;42512000;PERSONNEL - AVANCES ET ACOMPTES SUR PRIME;Arcole;;;
425130;RETENUES DIVERSES;;;;;;
427100;OPPOSITIONS SUR SALAIRES;42710000;PERSONNEL - OPPOSITIONS SUR SALAIRES;Arcole;;;
427101;RETENUE / PAIE IMPOTS;42710100;PERSONNEL - OPPOSITIONS SUR SALAIRES IMPOTS;Arcole;;;
427102;RETENUE AMENDES;42710100;PERSONNEL - OPPOSITIONS SUR SALAIRES IMPOTS;Arcole;;;
428200;PROV CONGES PAYES HORS CHARGES;42820000;PERSONNEL - PROVISIONS POUR CONGES A PAYER PAIE;Arcole;;;
428211;PROVISION CONGES PAYES BRUT (CONT/GESTION);42821100;PRESONNEL - PROVISIONS POUR CONGÉS À PAYER MANUEL;Arcole;;;
428212;PROVISIONS DONS CP;42821200;PERSONNEL - PROVISIONS POUR CONGÉS DONS;Arcole;;;
428213;REGUL PROV CP REGLE 10%;;;;;;
428240;PROV ARTT HORS CHARGES;42824000;PERSONNEL - PROVISIONS RTT;Arcole;;;
428250;PROV PRIME PRECARITE;42825000;PERSONNEL - PROVISIONS PRIME DE PRÉCARITÉ;Arcole;;;
428260;PROV REPOS COMPENSATEUR;42826000;PERSONNEL - PROVISIONS REPOS COMPENSATEUR;Arcole;;;
428400;PROV PARTICIPATIONS SALARIES;42840000;PERSONNEL - PROVISIONS PARTICIPATION;Arcole;;;
428600;PROV 13E MOIS+PRIME VACANCE;42860000;PERSONNEL - PROVISIONS 13è MOIS et PRIME VACANCES;Arcole;;;
428610;PROV NOTES DE FRAIS DUES;42861000;NDF - PROVISIONS NOTE DE FRAIS À RECEVOIR;;;;
428620;PROV SAL. A PAYER;42862000;PERSONNEL - PROVISIONS  SALAIRE À PAYER;Arcole;;;
428625;PROV. ASTREINTE A PAYER;42862500;PERSONNEL - PROVISIONS ASTREINTE À PAYER;Arcole;;;
428630;PROV BONUS & PRIMES;42863000;PERSONNEL - PROVISIONS BONUS ET PRIMES;Arcole;;;
428635;PROV PLD CG;42863500;PERSONNEL - AUTRES PROVISIONS;Arcole;;;
428700;PERSONNEL PRODUITS A RECEVOIR;42870000;PERSONNEL - PRODUITS A RECEVOIR;Arcole;;;
431000;URSSAF;43100000;SECURITE SOCIALE;Arcole;;;
431100;I.J.S.S.;43110000;IJ SÉCURITÉ SOCIALE;Arcole;;;
431200;IJ PREVOY;43120000;IJ PRÉVOYANCE;Arcole;;;
437000;POLE EMPLOI SERVICES;;;;;;
437100;MUTUELLE PREVOYANCE;43710000;CAISSE MUTUELLE;Arcole;;;
437101;PREVOYANCE;43710100;CAISSE PRÉVOYANCE;Arcole;;;
437200;MEDECINE DU TRAVAIL;43720000;MÉDECINE DU TRAVAIL;Arcole;;;
437300;RETRAITES;43730000;CAISSE RETRAITE;Arcole;;;
437400;AGESSA;43730000;CAISSE RETRAITE;Arcole;;;
437500;TICKETS RESTAURANT;43750000;TICKET RESTAURANT;Arcole;;;
437600;Chéques vacances;43760000;ORGANISMES SOCIAUX - AUTRES DETTES;Arcole;;;
438200;PROV CH. S/CP;43820000;PROVISIONS CHARGES/ CONGES A PAYER PAIE;Arcole;;;
438210;PROV CH/13E MOIS;43821000;PROVISIONS CHARGES/ 13è MOIS et PRIME VACANCES;Arcole;;;
438211;PROVISION CHARGE CONGES PAYES (CONT/GESTION);43821100;PROVISIONS CHARGES/ CONGÉS À PAYER MANUEL;Arcole;;;
438212;PROVISIONS CHARGES DONS CP;43821200;PROVISIONS CHARGES/ CONGÉS DONS;Arcole;;;
438220;PROV CH/SAL.A PAYER;43862000;PROVISIONS CHARGES/ SALAIRE À PAYER;Arcole;;;
438225;PROV CH/ASTREINTES;43862500;PROVISIONS CHARGES/ ASTREINTE À PAYER;Arcole;;;
438230;PROV CH/BONUS&PRIMES;43863000;PROVISIONS CHARGES/ BONUS ET PRIMES;Arcole;;;
438235;PROV CHGES PLD CG;43863500;ORGANISMES SOCIAUX - AUTRES PROVISIONS;Arcole;;;
438240;PROV CH.S/ ARTT;43824000;PROVISIONS CHARGES/ RTT;Arcole;;;
438250;PROV CH/PRIME PRECAR;43825000;PROVISIONS CHARGES/ PRIME DE PRÉCARITÉ;Arcole;;;
438260;PROV CH./REPOS COMPENSATEUR;43826000;PROVISIONS CHARGES/ REPOS COMPENSATEUR;Arcole;;;
438600;AUTRES CHARGES A PAYER;43863500;ORGANISMES SOCIAUX - AUTRES CHARGES A PAYER;Arcole;;;
438610;PROV TAXE APPRENTISSAGE;43861000;PROVISIONS TAXE APPRENTISSAGE;Arcole;;;
438620;PROV FORMATION CONTINUE;43862100;PROVISIONS FORMATION CONTINUE;Arcole;;;
438625;PROV FORMATION DIF;;;;;;
438630;PROV CONSTRUCTION;43863100;PROVISIONS EFFORT CONSTRUCTION;Arcole;;;
438640;PROV ORGANIC;43864000;PROVISION C3S (organic);;;;
438650;PROV AGEFIPH;43865000;PROVISION AGEFIPH TAXE HANDICAPÉ;Arcole;;;
438700;PRODUITS A RECEVOIR;43870000;ORGANISMES SOCIAUX - PRODUITS A RECEVOIR;Arcole;;;
438710;PDTS A REC FONGECIF;43870000;ORGANISMES SOCIAUX - PRODUITS A RECEVOIR;Arcole;;;
441000;ETAT - SUBVENTION A RECEVOIR;;;;;;
442000;ETAT-IMPOT & TAXE RECOUV/TIERS;44200000;ETAT - IMPÔTS & TAXES RECOUVRABLES SUR TIERS (RAS);;;;
442100;Prélèvements à la source (IR);44210000;ETAT - RETENUE A LA SOURCE SUR SALAIRES IR;;;;
444000;ETAT IMPOT BENEFICES;44400000;ETAT - IMPOT SUR LES BENEFICES;;;;
444001;CREDIT IMPOT RECHERCHE;44400100;ETAT - CRÉDIT IMPÔT RECHERCHE;;;;
444002;CARRY BACK;;;;;;
444003;CIR FILIALE;44400300;ETAT - CRÉDIT IMPÔT RECHERCHE FILIALE;;;;
444004;CREDIT IMPOT APPRENTISSAGE;;;;;;
444005;CICE;44400500;ETAT - CRÉDIT IMPÔT CICE;;;;
444006;CICE SUR CP;;;;;;
444100;ETAT IMPOT INTEGR FISCALE GFI INFO;44410009;ETAT - IMPOT INTEGRATION FISCALE GROUPE;;X;;
444135;IS IF GFI ELIOS;44410009;ETAT - IMPOT INTEGRATION FISCALE GROUPE;;X;;
444300;IS IF CHRONOTIME;44410009;ETAT - IMPOT INTEGRATION FISCALE GROUPE;;X;;
444303;IS IF GFI BFA;44410009;ETAT - IMPOT INTEGRATION FISCALE GROUPE;;X;;
444400;IS IF.FINANC.SINORG;44410009;ETAT - IMPOT INTEGRATION FISCALE GROUPE;;X;;
444403;IS IF GFI BUS;44410009;ETAT - IMPOT INTEGRATION FISCALE GROUPE;;X;;
444410;IS IF GFI PROGICIELS;44410009;ETAT - IMPOT INTEGRATION FISCALE GROUPE;;X;;
444415;IS IF ADDSTONES;44410009;ETAT - IMPOT INTEGRATION FISCALE GROUPE;;X;;
444418;IS IF GFI BT;44410009;ETAT - IMPOT INTEGRATION FISCALE GROUPE;;X;;
444421;IS IF GFI AWAK'IT;44410009;ETAT - IMPOT INTEGRATION FISCALE GROUPE;;X;;
444422;IS IF GFI TIKAWA;44410009;ETAT - IMPOT INTEGRATION FISCALE GROUPE;;X;;
444425;IS IF ITN;44410009;ETAT - IMPOT INTEGRATION FISCALE GROUPE;;X;;
444427;IS IF GFI INFORMATIQUE TELECOM (IT);44410009;ETAT - IMPOT INTEGRATION FISCALE GROUPE;;X;;
444437;IS IF BDOC;44410009;ETAT - IMPOT INTEGRATION FISCALE GROUPE;;X;;
444470;IS IF.NEMAUSIC;44410009;ETAT - IMPOT INTEGRATION FISCALE GROUPE;;X;;
444500;IS IF GFI GROUPE IP;44410009;ETAT - IMPOT INTEGRATION FISCALE GROUPE;;X;;
444501;IS IF GFI IP;44410009;ETAT - IMPOT INTEGRATION FISCALE GROUPE;;X;;
444504;IS IF ADELIOR FRANCE;44410009;ETAT - IMPOT INTEGRATION FISCALE GROUPE;;X;;
444505;IS IF GFI EUVOXA;44410009;ETAT - IMPOT INTEGRATION FISCALE GROUPE;;X;;
444523;IS IF BTD CONSULTING;44410009;ETAT - IMPOT INTEGRATION FISCALE GROUPE;;X;;
444524;IS IF ELITES CONSULTING;44410009;ETAT - IMPOT INTEGRATION FISCALE GROUPE;;X;;
444661;IS IF GFI CONSULTING;44410009;ETAT - IMPOT INTEGRATION FISCALE GROUPE;;X;;
444663;IS IIF NFOGEN SYSTEM;44410009;ETAT - IMPOT INTEGRATION FISCALE GROUPE;;X;;
444664;IS IF GFI INFOGEN;44410009;ETAT - IMPOT INTEGRATION FISCALE GROUPE;;X;;
444665;IS IF GFI MONETIC;44410009;ETAT - IMPOT INTEGRATION FISCALE GROUPE;;X;;
444750;IS IF INFO.SERV.;44410009;ETAT - IMPOT INTEGRATION FISCALE GROUPE;;X;;
444800;IS IF GIFIMO;44410009;ETAT - IMPOT INTEGRATION FISCALE GROUPE;;X;;
445510;TVA A DECAISSER;44551000;T.V.A. A DECAISSER;;;;
445550;TVA EXPORT;;;;;;
445620;TVA DED/ IMMO;44562000;T.V.A. DEDUCTIBLE / IMMOBILISATIONS;;;;
445640;TVA DEDUCT ART 259B;44564000;T.V.A. DÉDUCTIBLE SUR ABS - AUTOLIQUIDATION;;;;
445660;TVA DED/ DEBITS;44566000;T.V.A. DEDUCTIBLE SUR ABS - DEBIT;;;;
445661;TVA DED/ DECAISSEMENTS;44566100;T.V.A. DÉDUCTIBLE SUR ABS - DÉCAISSEMENTS;;;;
445662;TVA DED/DECAISSEMENTS;44566100;T.V.A. DÉDUCTIBLE SUR ABS - DÉCAISSEMENTS;;;;
445663;TVA S/Encaissement E 10%;44571000;T.V.A. COLLECTEE - ENCAISSEMENT;;;;
445665;TVA DED/DECAIS 7% SINGAPOUR;44566100;T.V.A. DÉDUCTIBLE SUR ABS - DÉCAISSEMENTS;;;;
445666;TVA DED/DECAIS 8.5%;44566100;T.V.A. DÉDUCTIBLE SUR ABS - DÉCAISSEMENTS;;;;
445667;TVA DEDUCT HORS MODULE;44566100;T.V.A. DÉDUCTIBLE SUR ABS - DÉCAISSEMENTS;;;;
445668;TVA DEDUCTIBLE ALGERIE;44566100;T.V.A. DÉDUCTIBLE SUR ABS - DÉCAISSEMENTS;;;;
;;44566110;T.V.A. DÉDUCTIBLE À DÉCLARER;;;;
445670;CREDIT DE TVA;44567000;CREDIT DE T.V.A. A REPORTER;;;;
445705;TVA COL/ENC 5.5%;44571000;T.V.A. COLLECTEE - ENCAISSEMENT;;;;
445710;TVA COL/ENC 20.60 %;44571000;T.V.A. COLLECTEE - ENCAISSEMENT;;;;
445711;TVA COL/ENC 20%;44571000;T.V.A. COLLECTEE - ENCAISSEMENT;;;;
445717;TVA COL/ENC. 7 % SINGAPOUR;44571000;T.V.A. COLLECTEE - ENCAISSEMENT;;;;
445718;TVA COL/ENC. 8.5 % POLYNESIE;44571000;T.V.A. COLLECTEE - ENCAISSEMENT;;;;
445719;TVA COL/ ENC 19.6%;44571000;T.V.A. COLLECTEE - ENCAISSEMENT;;;;
445720;TVA COL/DEB 20.60 %;44572100;T.V.A. COLLECTÉE - DÉBIT;;;;
445721;TVA COLLECTEE DEB 20%;44572100;T.V.A. COLLECTÉE - DÉBIT;;;;
445725;TVA COL/DEB 5.5%;44572100;T.V.A. COLLECTÉE - DÉBIT;;;;
445727;TVA COL/DEB 7% SINGAPOUR;44572100;T.V.A. COLLECTÉE - DÉBIT;;;;
445728;TVA COL. 8.5% DEBITS POLYNESIE;44572100;T.V.A. COLLECTÉE - DÉBIT;;;;
445729;TVA COL/ DEB 19.6%;44572100;T.V.A. COLLECTÉE - DÉBIT;;;;
445730;EXONERE DE TVA;;;;;;
445740;TVA COLLECT ART 259B;44574000;T.V.A. COLLECTÉE - AUTOLIQUIDATION;;;;
445770;TVA ENCAIS 20,6%;44571000;T.V.A. COLLECTEE - ENCAISSEMENT;;;;
445771;TVA ENCAISSEES 20%;44571000;T.V.A. COLLECTEE - ENCAISSEMENT;;;;
445775;TVA ENCAISSEE 5.5%;44571000;T.V.A. COLLECTEE - ENCAISSEMENT;;;;
445777;TVA ENCAISSEE 7%;44571000;T.V.A. COLLECTEE - ENCAISSEMENT;;;;
445778;TVA ENCAIS 8,5%;44571000;T.V.A. COLLECTEE - ENCAISSEMENT;;;;
445779;TVA ENCAIS 19,6%;44571000;T.V.A. COLLECTEE - ENCAISSEMENT;;;;
445790;REPRISE TVA COLLECTEE HORS AR;44571000;T.V.A. COLLECTEE - ENCAISSEMENT;;;;
445800;TVA ACOMPTE;44582000;T.V.A. ENCAISSEE SUR ACOMPTES RECUS;;;;
445820;TVA SUR ACOMPTE RECU;44582000;T.V.A. ENCAISSEE SUR ACOMPTES RECUS;;;;
445860;TVA SUR FACT NON PARVENUES;44586000;T.V.A. SUR FACTURES NON PARVENUES;;;;
445865;TVA SUR AVOIRS NON PARVENUS;44586500;T.V.A. SUR AVOIRS A RECEVOIR;;;;
445870;TVA SUR FACT A ETABLIR;44587000;T.V.A. SUR FACTURES A ETABLIR;;;;
445875;TVA SUR AVOIRS A ETABLIR;44587500;T.V.A. SUR AVOIRS À ÉTABLIR ;;;;
447100;TAXE VEHICULES DES SOCIETES;44710000;ETAT - TAXE SUR LES VÉHICULES DE SOCIÉTÉ;;;;
448600;PROV CVAE;44860000;ETAT - PROVISION CVAE;;;;
448601;PROV CFE;44860100;ETAT - PROVISION CFE;;;;
448630;ETAT - CHARGES A PAYER;44863000;ETAT - CHARGES À PAYER;;;;
448700;ETAT - PRODUITS A RECEVOIR;44870000;ETAT - PRODUITS A RECEVOIR;;;;
451001;C/C ASSOCIES;45510009;ASSOCIES - COMPTES COURANTS : PRINCIPAL;;X;;
451100;C/C GFI INFORMATIQUE;45510009;ASSOCIES - COMPTES COURANTS : PRINCIPAL;;X;;
451118;C/C GIE EUROPEENE SOFTWARE;45510009;ASSOCIES - COMPTES COURANTS : PRINCIPAL;;X;;
451135;C/C ELIOS;45510009;ASSOCIES - COMPTES COURANTS : PRINCIPAL;;X;;
451300;C/C GFI CHRONOTIME;45510009;ASSOCIES - COMPTES COURANTS : PRINCIPAL;;X;;
451301;C/C SCBF;45510009;ASSOCIES - COMPTES COURANTS : PRINCIPAL;;X;;
451303;C/C GIFI 1;45510009;ASSOCIES - COMPTES COURANTS : PRINCIPAL;;X;;
451322;C/C ROFF NCA MAROC;45510009;ASSOCIES - COMPTES COURANTS : PRINCIPAL;;X;;
451400;C/C FINANCIERE SINORG;45510009;ASSOCIES - COMPTES COURANTS : PRINCIPAL;;X;;
451403;C/C GFI BUS;45510009;ASSOCIES - COMPTES COURANTS : PRINCIPAL;;X;;
451409;C/C SIS;45510009;ASSOCIES - COMPTES COURANTS : PRINCIPAL;;X;;
451410;C/C GFI PROGICIELS;45510009;ASSOCIES - COMPTES COURANTS : PRINCIPAL;;X;;
451413;C/C COGNITIS GROUP;45510009;ASSOCIES - COMPTES COURANTS : PRINCIPAL;;X;;
451414;C/C COGNITIS FRANCE;45510009;ASSOCIES - COMPTES COURANTS : PRINCIPAL;;X;;
451415;C/C ADDSTONES;45510009;ASSOCIES - COMPTES COURANTS : PRINCIPAL;;X;;
451416;C/C Addstones SAS;45510009;ASSOCIES - COMPTES COURANTS : PRINCIPAL;;X;;
451417;C/C COGNITIS SYSTEMS INC;45510009;ASSOCIES - COMPTES COURANTS : PRINCIPAL;;X;;
451418;C/C GFI BT;45510009;ASSOCIES - COMPTES COURANTS : PRINCIPAL;;X;;
451420;C/C SL PROGRESS;45510009;ASSOCIES - COMPTES COURANTS : PRINCIPAL;;X;;
451421;C/C AWAK'IT;45510009;ASSOCIES - COMPTES COURANTS : PRINCIPAL;;X;;
451422;C/C TIKAWA;45510009;ASSOCIES - COMPTES COURANTS : PRINCIPAL;;X;;
451424;C/C AIRIAL;45510009;ASSOCIES - COMPTES COURANTS : PRINCIPAL;;X;;
451425;C/C ITN;45510009;ASSOCIES - COMPTES COURANTS : PRINCIPAL;;X;;
451426;C/C DACRYDIUM;45510009;ASSOCIES - COMPTES COURANTS : PRINCIPAL;;X;;
451427;C/C GFI IT;45510009;ASSOCIES - COMPTES COURANTS : PRINCIPAL;;X;;
451428;C/C EDIGITALIS;45510009;ASSOCIES - COMPTES COURANTS : PRINCIPAL;;X;;
451429;C/C CYNAPSYS;45510009;ASSOCIES - COMPTES COURANTS : PRINCIPAL;;X;;
451430;C/C GFI GFI N3XT;45510009;ASSOCIES - COMPTES COURANTS : PRINCIPAL;;X;;
451435;C/C FINANCIERE ORDIROPE;45510009;ASSOCIES - COMPTES COURANTS : PRINCIPAL;;X;;
451437;C/C BUSINESS DOCUMENT;45510009;ASSOCIES - COMPTES COURANTS : PRINCIPAL;;X;;
451438;C/C NOVULYS;45510009;ASSOCIES - COMPTES COURANTS : PRINCIPAL;;X;;
451439;C/C METAWARE;45510009;ASSOCIES - COMPTES COURANTS : PRINCIPAL;;X;;
451440;C/C GIE ANIS;45510009;ASSOCIES - COMPTES COURANTS : PRINCIPAL;;X;;
451441;C/C GARSYS;45510009;ASSOCIES - COMPTES COURANTS : PRINCIPAL;;X;;
451442;C/C T&BS;45510009;ASSOCIES - COMPTES COURANTS : PRINCIPAL;;X;;
451470;C/C NEMAUSIC;45510009;ASSOCIES - COMPTES COURANTS : PRINCIPAL;;X;;
451471;C/C SCI VIA DOMITIA;45510009;ASSOCIES - COMPTES COURANTS : PRINCIPAL;;X;;
451500;C/C GFI GROUPE IP (GA);45510009;ASSOCIES - COMPTES COURANTS : PRINCIPAL;;X;;
451501;C/C GFI INFRASTRUCTURE&PROD;45510009;ASSOCIES - COMPTES COURANTS : PRINCIPAL;;X;;
451504;C/C INFORMATIQUE ENTREPRISE SOLUTIONS;45510009;ASSOCIES - COMPTES COURANTS : PRINCIPAL;;X;;
451505;C/C GFI CONSEIL ET INTEGRATION DE SOLUTIONS;45510009;ASSOCIES - COMPTES COURANTS : PRINCIPAL;;X;;
451508;C/C ADELIOR BENELUX;45510009;ASSOCIES - COMPTES COURANTS : PRINCIPAL;;X;;
451509;C/C ALGORIEL;45510009;ASSOCIES - COMPTES COURANTS : PRINCIPAL;;X;;
451520;C/C GROUPE BTD;45510009;ASSOCIES - COMPTES COURANTS : PRINCIPAL;;X;;
451521;C/C ALLIANCE INGENIERIE;45510009;ASSOCIES - COMPTES COURANTS : PRINCIPAL;;X;;
451523;C/C BTD CONSULTING;45510009;ASSOCIES - COMPTES COURANTS : PRINCIPAL;;X;;
451524;C/C ELITES CONSULTING;45510009;ASSOCIES - COMPTES COURANTS : PRINCIPAL;;X;;
451661;C/C GFI CONSULTING;45510009;ASSOCIES - COMPTES COURANTS : PRINCIPAL;;X;;
451662;C/C BRAND NEW DAY CONSULTING;45510009;ASSOCIES - COMPTES COURANTS : PRINCIPAL;;X;;
451663;C/C INFOGEN SYSTEM;45510009;ASSOCIES - COMPTES COURANTS : PRINCIPAL;;X;;
451664;C/C GFI INFOGEN;45510009;ASSOCIES - COMPTES COURANTS : PRINCIPAL;;X;;
451665;C/C GFI MONETIC;45510009;ASSOCIES - COMPTES COURANTS : PRINCIPAL;;X;;
451667;C/C SRM GFI;45510009;ASSOCIES - COMPTES COURANTS : PRINCIPAL;;X;;
451669;C/C ANTAE;45510009;ASSOCIES - COMPTES COURANTS : PRINCIPAL;;X;;
451701;C/C SOMAFOR France;45510009;ASSOCIES - COMPTES COURANTS : PRINCIPAL;;X;;
451702;C/C SOMAFOR Cote ivoire;45510009;ASSOCIES - COMPTES COURANTS : PRINCIPAL;;X;;
451750;C/C INFORMATIQ ET SERVICES;45510009;ASSOCIES - COMPTES COURANTS : PRINCIPAL;;X;;
451800;C/C GIFIMO;45510009;ASSOCIES - COMPTES COURANTS : PRINCIPAL;;X;;
451801;C/C IMPAQ Sp Zoo (Pologne);45510009;ASSOCIES - COMPTES COURANTS : PRINCIPAL;;X;;
451803;C/C IMPAQ UK;45510009;ASSOCIES - COMPTES COURANTS : PRINCIPAL;;X;;
451815;C/C BRIDGEO France (CPLI);45510009;ASSOCIES - COMPTES COURANTS : PRINCIPAL;;X;;
451930;C/C GFI TUNISIE;45510009;ASSOCIES - COMPTES COURANTS : PRINCIPAL;;X;;
451965;C/C ROFF Portugal;45510009;ASSOCIES - COMPTES COURANTS : PRINCIPAL;;X;;
451970;C/C THETA;45510009;ASSOCIES - COMPTES COURANTS : PRINCIPAL;;X;;
451971;C/C ROFF FRANCE;45510009;ASSOCIES - COMPTES COURANTS : PRINCIPAL;;X;;
451976;C/C ROFF NCA MAROC;45510009;ASSOCIES - COMPTES COURANTS : PRINCIPAL;;X;;
451982;C/C ROFF Singapour;45510009;ASSOCIES - COMPTES COURANTS : PRINCIPAL;;X;;
452100;C/C BIS GFI INFORMATIQUE;45520019;ASSOCIÉS - COMPTES COURANTS BIS;;X;;
452118;C/C BIS EUROPEAN SOFTWARE;45520019;ASSOCIÉS - COMPTES COURANTS BIS;;X;;
452135;C/C BIS ELIOS;45520019;ASSOCIÉS - COMPTES COURANTS BIS;;X;;
452300;C/C BIS GFI CHRONO-TIME;45520019;ASSOCIÉS - COMPTES COURANTS BIS;;X;;
452303;C/C BIS GFI BFA;45520019;ASSOCIÉS - COMPTES COURANTS BIS;;X;;
452400;C/C BIS FINANCIERE SINORG;45520019;ASSOCIÉS - COMPTES COURANTS BIS;;X;;
452403;C/C BIS GFI BUS;45520019;ASSOCIÉS - COMPTES COURANTS BIS;;X;;
452410;C/C BIS GFI PROGICIEL;45520019;ASSOCIÉS - COMPTES COURANTS BIS;;X;;
452413;C/C BIS COGNITIS GROUPE;45520019;ASSOCIÉS - COMPTES COURANTS BIS;;X;;
452414;C/C BIS COGNITIS FRANCE;45520019;ASSOCIÉS - COMPTES COURANTS BIS;;X;;
452415;C/C BIS ADDSTONES;45520019;ASSOCIÉS - COMPTES COURANTS BIS;;X;;
452416;C/C BIS Addstones SAS;45520019;ASSOCIÉS - COMPTES COURANTS BIS;;X;;
452418;C/C BIS GFI BT;45520019;ASSOCIÉS - COMPTES COURANTS BIS;;X;;
452420;C/C BIS SL PROGRESS;45520019;ASSOCIÉS - COMPTES COURANTS BIS;;X;;
452421;C/C BIS AWAK'IT;45520019;ASSOCIÉS - COMPTES COURANTS BIS;;X;;
452422;C/C BIS TIKAWA;45520019;ASSOCIÉS - COMPTES COURANTS BIS;;X;;
452425;C/C BIS ITN;45520019;ASSOCIÉS - COMPTES COURANTS BIS;;X;;
452427;C/C BIS GFI IT;45520019;ASSOCIÉS - COMPTES COURANTS BIS;;X;;
452428;C/C BIS EDIGITALIS;45520019;ASSOCIÉS - COMPTES COURANTS BIS;;X;;
452429;C/C BIS CYNAPSYS;45520019;ASSOCIÉS - COMPTES COURANTS BIS;;X;;
452430;C/C BIS GFI N3XT;45520019;ASSOCIÉS - COMPTES COURANTS BIS;;X;;
452436;C/C BIS TAHIS CONSULTING;45520019;ASSOCIÉS - COMPTES COURANTS BIS;;X;;
452437;C/C BIS BDOC;45520019;ASSOCIÉS - COMPTES COURANTS BIS;;X;;
452438;C/C BIS NOVULYS;45520019;ASSOCIÉS - COMPTES COURANTS BIS;;X;;
452439;C/C BIS METAWARE;45520019;ASSOCIÉS - COMPTES COURANTS BIS;;X;;
452440;C/C BIS GIE ANIS;45520019;ASSOCIÉS - COMPTES COURANTS BIS;;X;;
452441;C/C BIS GARSYS;45520019;ASSOCIÉS - COMPTES COURANTS BIS;;X;;
452442;C/C BIS T&BS;45520019;ASSOCIÉS - COMPTES COURANTS BIS;;X;;
452470;C/C BIS NEMAUSIC;45520019;ASSOCIÉS - COMPTES COURANTS BIS;;X;;
452471;C/C BIS SCI VIA DOMITIA;45520019;ASSOCIÉS - COMPTES COURANTS BIS;;X;;
452500;C/C BIS GFI GROUPE INFRAST ET PDT;45520019;ASSOCIÉS - COMPTES COURANTS BIS;;X;;
452501;C/C BIS GFI INFRAST ET PDT;45520019;ASSOCIÉS - COMPTES COURANTS BIS;;X;;
452504;C/C BIS INFORMATIQUE ENTREPRISE SOLUTIONS;45520019;ASSOCIÉS - COMPTES COURANTS BIS;;X;;
452505;C/C BIS GFI CONSEIL ET INTEGRATION DE SOLUTIONS;45520019;ASSOCIÉS - COMPTES COURANTS BIS;;X;;
452509;C/C BIS ALGORIEL;45520019;ASSOCIÉS - COMPTES COURANTS BIS;;X;;
452520;C/C BIS GROUPE BTD;45520019;ASSOCIÉS - COMPTES COURANTS BIS;;X;;
452521;C/C BIS ALLIANCE INGENIERIE;45520019;ASSOCIÉS - COMPTES COURANTS BIS;;X;;
452522;C/C BIS ALLIANCE SI;45520019;ASSOCIÉS - COMPTES COURANTS BIS;;X;;
452523;C/C BIS BTD;45520019;ASSOCIÉS - COMPTES COURANTS BIS;;X;;
452524;C/C BIS ELITES CONSULTING;45520019;ASSOCIÉS - COMPTES COURANTS BIS;;X;;
452526;C/C BIS BBS ONE;45520019;ASSOCIÉS - COMPTES COURANTS BIS;;X;;
452661;C/C BIS GFI CONSULTING;45520019;ASSOCIÉS - COMPTES COURANTS BIS;;X;;
452662;C/C BIS BRAND NEW DAY CONSULTING;45520019;ASSOCIÉS - COMPTES COURANTS BIS;;X;;
452663;C/C BIS INFOGEN SYSTEM;45520019;ASSOCIÉS - COMPTES COURANTS BIS;;X;;
452664;C/C BIS GFI INFOGEN;45520019;ASSOCIÉS - COMPTES COURANTS BIS;;X;;
452665;C/C BIS GFI MONETIC;45520019;ASSOCIÉS - COMPTES COURANTS BIS;;X;;
452667;C/C BIS SRM GFI;45520019;ASSOCIÉS - COMPTES COURANTS BIS;;X;;
452669;C/C bis ANTAE;45520019;ASSOCIÉS - COMPTES COURANTS BIS;;X;;
452701;C/C SOMAFOR France;45520019;ASSOCIÉS - COMPTES COURANTS BIS;;X;;
452750;C/C BIS INFO ET SERVICES;45520019;ASSOCIÉS - COMPTES COURANTS BIS;;X;;
452800;C/C BIS GIFIMO;45520019;ASSOCIÉS - COMPTES COURANTS BIS;;X;;
452971;C/C BIS ROFF FRANCE;45520019;ASSOCIÉS - COMPTES COURANTS BIS;;X;;
452982;C/C BIS ROFF Singapour;45520019;ASSOCIÉS - COMPTES COURANTS BIS;;X;;
453100;C/C APPORT CIS;45520019;ASSOCIÉS - COMPTES COURANTS BIS;;X;;
453403;C/C APPORT GFI BUS;45520019;ASSOCIÉS - COMPTES COURANTS BIS;;X;;
453418;C/C APPORT GFI BT;45520019;ASSOCIÉS - COMPTES COURANTS BIS;;X;;
453501;C/C APPORT EUVOXA/IP;45520019;ASSOCIÉS - COMPTES COURANTS BIS;;X;;
453505;C/C APPORT CIS;45520019;ASSOCIÉS - COMPTES COURANTS BIS;;X;;
454501;C/C APPORT BTD CONSULT/GFI IP;45520019;ASSOCIÉS - COMPTES COURANTS BIS;;X;;
454523;C/C APPORT BTD CONSULT A GFI IP;45520019;ASSOCIÉS - COMPTES COURANTS BIS;;X;;
455100;COMPTE COURANT ASSOCIES;???;???;;X;;
455101;COMPTE COURANT GALLIT;45520019;ASSOCIÉS - COMPTES COURANTS BIS;;X;;
455102;COMPTE COURANT A2PC;45520019;ASSOCIÉS - COMPTES COURANTS BIS;;X;;
455800;INTERETS C/C ASSOCIES;;;;;;
455860;INT COURUS A PAYER GROUPE;45586009;INTÉRÊTS COURUS / COMPTE COURANT A PAYER;;X;;
455870;INT COURUS A RECEVOIR GROUPE;45587009;INTÉRÊTS COURUS / COMPTE COURANT A RECEVOIR;;X;;
456210;ACT. CAPITAL APPELE NON VERSE;45620000;APPORTEURS - CAPITAL APPELÉ, NON VERSÉ ;;;;
457000;DIVIDENDES A REGLER;45700000;ASSOCIES - DIVIDENDES A PAYER;;;;
462000;CREANCES SUR CESSIONS D' IMMOBILISATIONS;;;;;;
467200;DEBITEURS DIVERS;46720000;AUTRES COMPTES DÉBITEURS ;;;;
467201;LIQUIDATEUR DEBITEUR;46720000;AUTRES COMPTES DÉBITEURS ;;;;
467202;DEBITEUR DIVERS ARES;46720000;AUTRES COMPTES DÉBITEURS ;;;;
467204;DEBITEUR DIVERS THALES;46720000;AUTRES COMPTES DÉBITEURS ;;;;
467205;DEBITEUR EUROFACTOR - COURANT;46720000;AUTRES COMPTES DÉBITEURS ;;;;
467206;DEBITEUR EUROFACTOR - GARANTIE;46720000;AUTRES COMPTES DÉBITEURS ;;;;
467207;DEBITEUR EUROFACTOR - RESERVE;46720000;AUTRES COMPTES DÉBITEURS ;;;;
467300;CREDITEURS DIVERS;46730000;AUTRES COMPTES CRÉDITEURS ;;;;
467301;LIQUIDATEUR CREDITEUR;46730000;AUTRES COMPTES CRÉDITEURS ;;;;
467302;CREDITEUR DIVERS ARES;46730000;AUTRES COMPTES CRÉDITEURS ;;;;
467303;CREDITEUR DIVERS APTA France;46730000;AUTRES COMPTES CRÉDITEURS ;;;;
468600;CH. A PAYER CREDITEURS DIVERS;46860000;DIVERS - CHARGES A PAYER;;;;
468700;PRODUITS A RECEVOIR DEB DIVERS;46870000;DIVERS - PRODUITS A RECEVOIR;;;;
471000;COMPTE ATTENTE LETTRAGE ZERO;47100000;COMPTE D'ATTENTE;;;;
471001;COMPTE ATTENTE OD AR;47100000;COMPTE D'ATTENTE;;;;
471200;COMPTE D'ATTENTE MODULE FA;47100000;COMPTE D'ATTENTE;;;;
471666;ECART DE CHANGE/RGLMT FOURN ETRANGERS;47100000;COMPTE D'ATTENTE;;;;
471890;FEC_CLOTURE N-1;47100000;COMPTE D'ATTENTE;;;;
472100;COMPTE ATTENTE MIGRATION GL;47100000;COMPTE D'ATTENTE;;;;
472401;COMPTE ATTENTE MIGRATION AP;47100000;COMPTE D'ATTENTE;;;;
472409;COMPTE ATTENTE ACOMPTE FOURNISSEUR;47100000;COMPTE D'ATTENTE;;;;
472411;COMPTE ATTENTE MIGRATION AR;47100000;COMPTE D'ATTENTE;;;;
472420;COMPTE ATTENTE MIGRATION AS;47100000;COMPTE D'ATTENTE;;;;
472452;COMPTE ATTENTE INTER SOCIETES GROUPE;47100000;COMPTE D'ATTENTE;;;;
472600;COMPTE ATTENTE AJUSTEMENTS AP;47100000;COMPTE D'ATTENTE;;;;
472666;ECART DE CHANGE REGLEMENT FOUR ETRANGERS;47100000;COMPTE D'ATTENTE;;;;
476100;DIMINUTION DES CREANCES;47610000;DIFF.DE CONVERSION ACTIF;;;;
477100;AUGMENTATION DES CREANCES;47710000;DIFF.DE CONVERSION PASSIF;;;;
481600;FRAIS D EMISSION EMPRUNT;48160000;FRAIS EMISSION DES EMPRUNTS;;;;
481800;CHARGES A ETALER;;;;;;
486150;CH CONST AVANCE DIVERS;48610000;CHARGES CONSTATÉES D'AVANCE AUTOMATIQUE;;;;
486200;Charges constatées d'avances 3SI;48610010;CHARGES CONSTATÉES D'AVANCE COMPTA MANUEL;;X;;
;;48610040;CHARGES CONSTATÉES D'AVANCE CG MANUEL;;X;;
;;48610050;CHARGES CONSTATÉES D'AVANCE MANUEL;;;;
487000;PRODUITS CONSTATES D'AVANCE;48701000;PRODUITS CONSTATES D'AVANCE NATIONAL HG;;;;
;;48701009;PRODUITS CONSTATES D'AVANCE NATIONAL GROUPE;;;;
;;48702000;PRODUITS CONSTATES D'AVANCE UE HG;;;;
;;48702009;PRODUITS CONSTATES D'AVANCE UE GROUPE;;;;
;;48703000;PRODUITS CONSTATES D'AVANCE Hors UE HG;;;;
;;48703009;PRODUITS CONSTATES D'AVANCE Hors UE GROUPE;;;;
;;48701010;PRODUITS CONSTATES D'AVANCE NATIONAL HG MANUEL;;X;;
;;48701019;PRODUITS CONSTATES D'AVANCE NATIONAL GROUPE MANUEL;;X;;
;;48702010;PRODUITS CONSTATES D'AVANCE UE HG MANUEL;;X;;
;;48702019;PRODUITS CONSTATES D'AVANCE UE GROUPE MANUEL;;X;;
;;48703010;PRODUITS CONSTATES D'AVANCE  Hors UE HG MANUEL;;X;;
;;48703019;PRODUITS CONSTATES D'AVANCE  Hors UE GROUPE MANUEL;;X;;
;;48700040;PRODUITS CONSTATES D'AVANCE  CG MANUEL;;;;
;;48700050;PRODUITS CONSTATES D'AVANCE  MANUEL;;;;
491000;PROVISION CREANCES DOUTEUSES;49100000;PROVISIONS POUR DEPRECIATION CLIENTS;;X;;
491100;PROV DOUTEUX MENSUEL HORS 416;49110000;PROVISIONS POUR DÉPRÉCIATION CLIENTS HORS 416;;X;;
495100;PROV DEPREC.C/C;49500009;PROVISIONS POUR DÉPRÉCIATION DES COMPTES COURANTS;;X;;
496000;PROV DEP DEBITEURS DIVERS;49670000;PROVISIONS POUR DEPRECIATION - AUT CPTES DEBITEURS;;;;
496700;DEPRECIATION COMPTE DEBITEUR;49670000;PROVISIONS POUR DEPRECIATION - AUT CPTES DEBITEURS;;;;
507000;DEPOT A TERME SG;50700000;DEPOT A TERME;;;;
507050;DEPOT A TERME BNP;50700000;DEPOT A TERME;;;;
507100;DEPOT A TERME HSBC;50700000;DEPOT A TERME;;;;
507250;DEPOT A TERME PALATINE;50700000;DEPOT A TERME;;;;
507650;DEPOT A TERME CA-CIB;50700000;DEPOT A TERME;;;;
508000;VMP SG;50810000;AUTRES VALEURS MOBILIERES;;;;
508100;V M P;50810000;AUTRES VALEURS MOBILIERES;;;;
508110;AUTRES VMP;50810000;AUTRES VALEURS MOBILIERES;;;;
508400;VMP CA IDF;50810000;AUTRES VALEURS MOBILIERES;;;;
508800;INTERETS COURUS SUR BON;50880000;INTERETS COURUS / OBLIG.,BONS & VAL.ASSIMIL.;;;;
512000;SOCIETE GENERALE;;;;;;
512001;SOCIETE GENERALE ( carte affaires);;;;;;
512002;SG INFOG/SYST;;;;;;
512003;SOCIETE GENERALE BUS;;;;;;
512004;SOCIETE GENERALE (EX NEMAUSIC);;;;;;
512005;Société Générale Consulting;;;;;;
512006;SG ADDSTONES;;;;;;
512007;Non utilisé;;;;;;
512008;SG IT;;;;;;
512009;SG EX CHRONOTIME;;;;;;
512010;SG EX SIS;;;;;;
512050;BNP PARIBAS;;;;;;
512051;BNP PARIBAS BUS;;;;;;
512052;BNP FACTOR;;;;;;
512053;BNP FACTOR BUS;;;;;;
512054;BNP COMPTE CENTRALISATEUR;;;;;;
512055;BNP ALGERIE;;;;;;
512056;BNP INFOG/SYST;;;;;;
512057;BNP FACTOR (ex - IP);;;;;;
512058;BNP (ex gfi bfa);;;;;;
512059;BNP (ex ELIOS);;;;;;
512060;BNP CAD;;;;;;
512061;BNP ex Awakit;;;;;;
512100;HSBC ( ex CCF );;;;;;
512101;HSBC (ex euvoxa);;;;;;
512102;SG2 Gfi Informatique;;;;;;
512105;HSBC ex Novulys;;;;;;
512150;CREDIT LYONNAIS;;;;;;
512200;BANQUE COURTOIS;;;;;;
512250;SAN PAOLO;;;;;;
512251;PALATINE EX CHRONOTIME;;;;;;
512300;BANQUE POPULAIRE;;;;;;
512301;BQUE POPULAIRE (EX ADIX);;;;;;
512302;BQUE POPULAIRE (EX GEOSPHERE);;;;;;
512303;BPRP AIRIAL;;;;;;
512304;Bque Populaire Cynapsys Fr;;;;;;
512350;BRED;;;;;;
512400;CREDIT AGRICOLE;;;;;;
512401;ENCAISSEMENTS EUROFACTOR CRCAM;;;;;;
512402;BANQUES EN DOLLARS;;;;;;
512403;CA DACRYDIUM;;;;;;
512405;CA IDF en Euros;;;;;;
512406;CA IDF en USD;;;;;;
512450;ODDO;;;;;;
512451;ODDI;;;;;;
512500;CAISSE EPARGNE;;;;;;
512501;CAISSE EPARGNE (reverse);;;;;;
512550;CAISSE EPARGNE;;;;;;
512600;CDN GFI INFORMATIQUE;;;;;;
512601;CDN EX SIS;;;;;;
512650;BANQUE CALYON;;;;;;
512700;CIC;;;;;;
512701;CIC AIRIAL;;;;;;
512702;CIC ex Novulys;;;;;;
512703;CIC BUS;;;;;;
512704;CIC EX ISYS GROUPE;;;;;;
512705;CIC EX ORDIROPE DIFFUSION;;;;;;
512706;CIC EX ORDIROPE MEDITERRANEE;;;;;;
512707;CIC EX ORDIROPE;;;;;;
512708;CIC ex Cynapsys Fr;;;;;;
512800;BECM;;;;;;
512850;banque DBS (SGD);;;;;;
512860;banque DBS (euro);;;;;;
512900;NATIXIS;;;;;;
512950;CL EX SIS;;;;;;
517000;CREANCE OSEO DAILLY;51710200;BNP FACTOR;;;;
517100;FACTOR AIRIAL;51710200;BNP FACTOR;;;;
517409;BPI EX SIS;51710200;BNP FACTOR;;;;
517600;CC FACTOR CGA/CGA/OTE;51710200;BNP FACTOR;;;;
517700;CC FACTOR;51710200;BNP FACTOR;;;;
517703;CC / BNP FACTOR FONDS DE RESERVE;51710200;BNP FACTOR;;;;
517704;CC FACTOR TUP COGNITIS;51710200;BNP FACTOR;;;;
517705;CC FACTOR TUP GFI IP;51710200;BNP FACTOR;;;;
518600;INTERETS COURUS A PAYER;51810000;INTÉRÊTS COURUS À PAYER ;;;;
518700;INTERETS COURUS A RECEVOIR;51880000;INTÉRÊTS COURUS À RECEVOIR ;;;;
519000;CONCOURS BANCAIRES COURANTS;51900000;A CRÉER;;;;
532000;CAISSE;53110000;CAISSE ;;;;
532001;CAISSE USD;53110000;CAISSE ;;;;
532002;CAISSE DEVISES;53110000;CAISSE ;;;;
532015;CAISSE LYON;53110000;CAISSE ;;;;
532021;CAISSE BORDEAUX;53110000;CAISSE ;;;;
532022;CAISSE NIORT;53110000;CAISSE ;;;;
580100;VIREMENTS INTERNES;58000000;VIREMENTS INTERNES;;;;
602100;ACHAT FOURNITURE STOCKE;60210000;ACHATS STOCKÉS MATIÈRES CONSOMMABLES;;;;
603200;VARIATION STOCK FOURNITURES;60320000;VARIATION DES STOCKS - DES AUTRES APPROV.;;;;
603700;VARIATION STOCK MATERIEL / OTHER;60370000;VARIATION DES STOCKS - DE MARCHANDISES;;;;
604100;S/TRAITANCE INFORMATIQUE REGIE;60410000;SOUS TRAITANCE EXTERNE INFORMATIQUE;;;;
604101;S/TRAITANCE INFORMATIQUE PROJET / FORFAIT;60410000;SOUS TRAITANCE EXTERNE INFORMATIQUE;;;;
604102;SOUS TRAITANCE - INDEPENDANTS REGIE;60410100;SOUS TRAITANCE ET INDÉPENDANTS;;;;
604103;SOUS TRAITANCE - INDEPENDANTS PROJET / FORFAIT;60410100;SOUS TRAITANCE ET INDÉPENDANTS;;;;
604120;SOUS-TRAITANCE TMA;60410000;SOUS TRAITANCE EXTERNE INFORMATIQUE;;;;
604121;INDEPENDANTS TMA;60410100;SOUS TRAITANCE ET INDÉPENDANTS;;;;
604130;SOUS-TRAITANCE INFRASTRUCTURE;60410000;SOUS TRAITANCE EXTERNE INFORMATIQUE;;;;
604131;INDEPENDANTS INFRASTRUCTURE;60410100;SOUS TRAITANCE ET INDÉPENDANTS;;;;
604140;SOUS-TRAITANCE MAINTENANCE;60410000;SOUS TRAITANCE EXTERNE INFORMATIQUE;;;;
604141;INDEPENDANTS MAINTENANCE;60410100;SOUS TRAITANCE ET INDÉPENDANTS;;;;
604150;SOUS-TRAITANCE R&D;60410000;SOUS TRAITANCE EXTERNE INFORMATIQUE;;;;
604151;INDEPENDANTS R&D;60410100;SOUS TRAITANCE ET INDÉPENDANTS;;;;
604160;SOUS-TRAITANCE DEVELOPPEMENT;60410000;SOUS TRAITANCE EXTERNE INFORMATIQUE;;;;
604161;INDEPENDANTS DEVELOPPEMENT;60410100;SOUS TRAITANCE ET INDÉPENDANTS;;;;
604300;ACHATS MAINTENANCE;60410200;ACHAT MAINTENANCE POUR REVENTE;;;;
604301;ACHAT DE MAINTENANCE GROUPE;60410209;ACHAT MAINTENANCE POUR REVENTE GROUPE;;;;
604400;ACHATS FORMATION POUR REVENTE;60440000;ACHATS DE FORMATIONS POUR REVENTE;;;;
;;60410300;SOUS-TRAITANCE DIVERS;;;;
606100;EAU ENERGIE FUEL;60610000;FOURNITURES NON STOCKABLES (EAU,ENERGIE);;;;
606110;CARBURANT VEHICULES;60611000;FOURNITURES NON STOCKABLES CARBURANT;;;;
606300;PETIT EQUIPEMENT;60630000;ACHATS NON STOCKES - FOURN.ENTRET.& PETIT EQUIP.;;;;
606309;PETIT EQUIPEMENT/PAIE;60630900;NDF - PETITS ÉQUIPEMENTS;;;;
606400;FOURNIT ADMINISTRATIVES;60640000;ACHATS NON STOCKES - FOURN. ADMINISTRATIVES;;;;
606409;FOURNIT ADMINISTRATIVES/PAIE;60640900;NDF - FOURNITURES ADMINISTRATIVES;;;;
606800;ACHATS MAT. INF. NON STOCKE;60680000;ACHATS NON STOCKES - AUTRES MATIERES ET FOURN.;;;;
607100;ACHAT MATERIEL POUR REVENTE;60710000;ACHATS DE MATÉRIEL ET FOURNITURES POUR REVENTE;;;;
607101;ACHAT MATERIEL REVENTE GROUPE;60711009;ACHATS DE MATÉRIEL POUR REVENTE GROUPE;;;;
607200;ACHAT FOURNITURE POUR REVENTE;60710000;ACHATS DE MATÉRIEL ET FOURNITURES POUR REVENTE;;;;
607400;ACHAT LOGICIELS POUR REVENTE;60740000;ACHAT DE LOGICIEL POUR REVENTE;;;;
607401;ACHAT LOGICIEL P/REVENTE GROUP;60741009;ACHAT DE LOGICIEL POUR REVENTE GROUPE;;;;
609000;RRR OBTENUS;60900000;RABAIS, REMISES ET RISTOURNES OBTENUS SUR ACHATS ;;;;
611100;SOUS TRAITANCE SECURITE;61110000;SOUS-TRAITANCE SÉCURITÉ;;;;
611120;SOUS-TRAITANCE DIVERS;61120000;SOUS-TRAITANCE DIVERSES;;;;
613200;LOCATIONS IMMOBILIERES;61320000;LOCATIONS IMMOBILIERES;;;;
613201;COUTS LOCATION IMMOBILIERE GROUPE;61321009;LOCATIONS IMMOBILIÈRES GROUPE;;;;
613500;LOC LOGICIELS & MAT INFORMAT.;61350000;LOCATIONS LOGICIELS ET MAT INFORMATIQUE;;;;
613520;LOCAT MATERIEL COMMUNICATION;61352000;LOCATION MATÉRIEL DE COMMUNICATION;;;;
613530;LOCATION MAT MOB BUREAU;61353000;LOCATION MATÉRIEL ET MOBILIER DE BUREAU;;;;
613540;LOCATION VEHICULES COURT DUREE;61354000;LOCATION VÉHICULES COURTE DURÉE;;;;
613550;LOCATION VEHICULES LONGUE DUREE;61355000;LOCATION VÉHICULES LONGUE DURÉE;;;;
613559;LOCATION VEHICULES/PAIE;61355900;NDF - LOCATION DE VÉHICULE;;;;
613560;LOCATION DIVERSE;61356000;LOCATION DIVERSES;;;;
613561;LOCATION GERANCE;;;;;;
614000;CHARGES LOCATIVES;61400000;CHARGES LOCATIVES ET DE COPROPRIETE;;;;
615200;ENTR REPAR BIENS IMMOBILIERS;61520000;ENTRETIEN & REPARATIONS - SUR BIENS IMMOBILIERS;;;;
615500;ENTR REPAR BIENS MOBILIERS;61550000;ENTRETIEN & REPARATIONS - SUR BIENS MOBILIERS;;;;
615510;ENTRETIEN DIVERS;61552000;ENTRETIEN DIVERS;;;;
615582;ENTRETIEN VEHICULES;61553000;ENTRETIEN VÉHICULES;;;;
615600;MAINTENANCE INFORMATIQUE;61560000;MAINTENANCE INFORMATIQUE;;;;
615610;MAINTENANCE DIVERSES;61562000;MAINTENANCE DIVERSES;;;;
615650;maintenance véhicules LDD;61565000;A CRÉER;;;;
;;61553900;NDF - ENTRETIEN VÉHICULES;;;;
616100;ASSUR. MISSIONS ET DEPLACEMENT;61642000;ASSURANCE RISQUES D'EXPLOIT - MISSION ET DÉPLACMNT;;;;
616200;ASSURANCE RESPONSAB. CIVILE;61643000;ASSURANCE RISQUES D'EXPLOITATION - RC;;;;
616300;ASSURANCE AUTOMOBILE;61644000;ASSURANCE RISQUES D'EXPLOITATION - PARC AUTO;;;;
616400;ASSURANCE LOCAUX ET MATERIEL;61610000;ASSURANCE MULTIRISQUES LOCAUX et MATERIEL;;;;
616500;ASSURANCE RISQUE EXPLOITATION;61645000;ASSURANCE RISQUES D'EXPLOITATION - RE;;;;
616600;AUTRES ASSURANCES;61646000;AUTRES ASSURANCES;;;;
618100;DOCUMENTATION GENERALE;61810000;DOCUMENTATION GENERALE;;;;
618109;DOCUMENTATION GENERALE/PAIE;61810900;NDF - DOCUMENTATION;;;;
618110;ABONNEMENTS;61812000;ABONNEMENTS;;;;
618500;FRAIS SEMINAIRES;61850000;FRAIS DE COLLOQUES,SEMINAIRES,CONFERENCES;;;;
621100;PERSONNEL INTERIMAIRE;62110000;PERSONNEL INTERIMAIRE;;;;
621401;ACHAT RESSOURCES GROUPE;62141009;PERSONNEL DÉTACHÉ GROUPE;;;;
;;62183209;ACHAT MANAGEMENT FEES GROUPE;;;;
622100;COMMISSIONS ET COURTAGES;62210000;COMMISSIONS ET COURTAGES SUR ACHATS;;;;
622311;HONORAIRES ORGAN. DE FORMATION PRODUCTIFS;62230000;HONORAIRES ORGANISME DE FORMATION;;;;
622312;HONORAIRES ORGAN. DE FORMATION SUPPORT PRODUITS;62230000;HONORAIRES ORGANISME DE FORMATION;;;;
622313;HONORAIRES ORGAN. DE FORMATION COMMERCIAUX;62230000;HONORAIRES ORGANISME DE FORMATION;;;;
622314;HONORAIRES ORGAN. DE FORMATION ADMINISTRATIFS;62230000;HONORAIRES ORGANISME DE FORMATION;;;;
622500;COMMISSIONS FACTOR;62250000;REMUNERATION D'AFFACTURAGE;;;;
622600;HONORAIRES AVOCATS;62260000;HONORAIRES D'AVOCATS;;;;
622620;HONORAIRES ORGAN. DE FORMATION;62230000;HONORAIRES ORGANISME DE FORMATION;;;;
622630;HONORAIRES C.A.C.;62263000;HONORAIRES CAC;;;;
622640;HONORAIRES DIVERS;62264000;HONORAIRES DIVERS;;;;
622650;HONORAIRES RECRUTEMENTS;62265000;HONORAIRES DE RECRUTEMENT;;;;
;;62220000;HONORAIRES COMPTABLES;;;;
;;62266000;HONORAIRES DE M&A;;;;
622700;FRAIS D'ACTES & CONTENTIEUX;62270000;FRAIS D'ACTES ET DE CONTENTIEUX;;;;
623100;PUBLICITE ANNONCES & INSERTION;62310000;ANNONCES ET INSERTIONS;;;;
623300;FOIRES & EXPOSITIONS;62330000;FOIRES ET EXPOSITIONS;;;;
623400;CADEAUX CLIENTELE;62340000;CADEAUX A LA CLIENTELE;;;;
623409;CADEAUX CLIENTELE/PAIE;62340900;NDF - CADEAUX CLIENTÈLE;;;;
623800;DONS, POURBOIRES;62340000;CADEAUX A LA CLIENTELE - DONS ET POURBOIRES;;;;
624400;TRANSPORTS;62440000;TRANSPORTS;;;;
624409;TRANSPORTS/PAIE;62440900;NDF - PORTS SUR ACHAT OU VENTE;;;;
625100;INDEMNITES KILOMETRIQUES;62510900;NDF - INDEMNITÉS KILOMÉTRIQUE;;;;
625109;INDEMNITES KM/PAIE;62510900;NDF - INDEMNITÉS KILOMÉTRIQUE;;;;
625120;VOYAGES ET DEPLACEMENTS PRODUCTIFS;62512000;VOYAGES ET DÉPLACEMENTS ;;;;
625121;VOYAGES ET DEPLACEMENTS PRODUCTIF;62512000;VOYAGES ET DÉPLACEMENTS ;;;;
625122;VOYAGES ET DEPLACEMENTS SUPPORT PRODUITS;62512000;VOYAGES ET DÉPLACEMENTS ;;;;
625123;VOYAGES ET DEPLACEMENTS COMMERCIAUX;62512000;VOYAGES ET DÉPLACEMENTS ;;;;
625124;VOYAGES ET DEPLACEMENTS ADMINISTRATIFS;62512000;VOYAGES ET DÉPLACEMENTS ;;;;
625129;AUTRES TRANSPORTS/PAIE;62512900;NDF - FRAIS DE DÉPLACEMENT;;;;
625341;PROV DEPLACEMENTS PRODUCTIFS;62512000;VOYAGES ET DÉPLACEMENTS ;;;;
625342;PROV DEPLACEMENTS SUPPORT PRODUIT;62512000;VOYAGES ET DÉPLACEMENTS ;;;;
625343;PROV DEPLACEMENTS COMMERCIAUX;62512000;VOYAGES ET DÉPLACEMENTS ;;;;
625344;PROV DEPLACEMENTS ADMINISTRATIFS;62512000;VOYAGES ET DÉPLACEMENTS ;;;;
625600;MISSIONS;62560000;MISSIONS;;;;
625609;FRAIS DE MISSION/PAIE;62560900;NDF - FRAIS DE MISSION;;;;
625700;RECEPTIONS PRODUCTIFS;62570000;RECEPTIONS;;;;
625704;RECEPTIONS ADMINISTRATIFS;62570000;RECEPTIONS;;;;
625709;RECEPTIONS/PAIE;62570900;NDF - INVITATION TIERS;;;;
626100;FRAIS D'AFFRANCHISSEMENTS;62610000;FRAIS AFFRANCHISSEMENT;;;;
626109;AFF-TEL ET INTERNET/PAIE;62610900;NDF - FRAIS TÉLÉPHONIE ET INTERNET;;;;
626200;FRAIS DE TELECOMM. SUR NDF;62610900;NDF - FRAIS TÉLÉPHONIE ET INTERNET;;;;
626210;TELEPHONE;62621000;TÉLÉPHONE;;;;
626310;LIGNES SPECIALISEES TRANSPAC;62631000;LIGNES TRANSPAC;;;;
627100;SERVICES BANCAIRES;62780000;FRAIS BANCAIRES;;;;
627109;SERVICES BANCAIRES/PAIE;62780900;NDF - SERVICES BANCAIRES;;;;
627200;FRAIS SUR EMMISSION D EMPRUNT;62720000;COMMISSIONS ET FRAIS SUR EMISSION D'EMPRUNT;;;;
627500;FRAIS SUR EFFETS;62750000;FRAIS SUR EFFETS (COMMISSIONS D'ENDOS);;;;
628100;COTISATIONS DONS CONCOURS;62810000;CONCOURS DIVERS (COTISATIONS);;;;
628109;COTISATIONS DONS CONCOURS/PAIE;62810900;NDF - COTISATIONS , DONS, CONCOURS;;;;
628400;FRAIS DE RECRUTEMENT PERSONNEL;62840000;FRAIS DE RECRUTEMENT DE PERSONNEL;;;;
633300;FORMATION CONTINUE;63330000;PARTICIP. DES EMPLOY. A LA FORM. PROF.CONTINUE;;;;
633325;FORMATION DIF;;;;;;
633400;PARTICIPATION CONSTRUCTION;63340000;PARTICIP. DES EMPLOY. A L'EFFORT DE CONSTRUCT.;;;;
633500;TAXE D'APPRENTISSAGE;63350000;TAXE D'APPRENTISSAGE;;;;
633800;AUTRES TAXES (AGEPHIP...);63380000;AUTRES TAXES SUR SALAIRES;;;;
635100;ANCIENNE TP;;;;;;
635115;CVAE;63511500;CVAE;;;;
635116;CFE;63511600;CFE;;;;
635120;TAXES FONCIERES;63512000;TAXES FONCIERES;;;;
635140;TAXE VEHICULES DE SOCIETE;63514000;TAXE SUR LES VEHICULES DES SOCIETES;;;;
635150;IMPOT FORFAITAIRE ANNUEL;;;;;;
;;63520000;TVA NON RECUPERABLE;;;;
635400;DROITS D'ENREGIST. & TIMBRES;63540000;DROITS D'ENREGISTREMENT ET DE TIMBRE ;;;;
635409;DROITS D'ENREGIST. & TIMBRES PAIE;63540900;NDF - DROITS ENREGISTREMENT, TIMBRES (FISCAUX);;;;
635800;AUTRES TAXES;63580000;AUTRES DROITS;;;;
637100;TAXE ORGANIQUE;63710000;CONTRIBUTION SOCIALE DE SOLIDARITE ;;;;
641100;SALAIRES ET APPOINTEMENTS;64110000;SALAIRES,APPOINTEMENTS;;;;
641101;SALAIRES APPORTS PARTIELS;64110000;SALAIRES,APPOINTEMENTS;;;;
641104;HEURES SUPPLEMENTAIRES;64110400;HEURES SUPPLÉMENTAIRES;;;;
641105;PRIMES ASTREINTES;64110500;PRIMES D'ASTREINTES;;;;
641106;Ind preavis non effectues payes;64110600;INDEMNITÉ PRÉAVIS NON EFFECTUÉS PAYÉS;;;;
641107;CONGÉS PAYÉS/PAIE;64110700;CONGÉS PAYÉS SUR PAIE;;;;
641120;PROV.13EME MOIS HORS CHARGES;64112000;PROVISION 13ÈME MOIS;;;;
641121;PROV.PRIMES DE VACANCES;64112100;PROVISION PRIMES DE VACANCES;;;;
641130;PROV. CONGES PAYES BRUT (PAIE);64113000;PROVISION CONGÉS PAYÉS BRUT (PAIE);;;;
641131;REGUL PROV CP REGLE 10%;64113000;PROVISION CONGÉS PAYÉS BRUT (PAIE);;;;
641140;PROVISION ARTT BRUT (PAIE);64114000;PROVISION ARTT BRUT (PAIE);;;;
641150;PROVISION PRIME DE PRECARITE;64115000;PROVISION PRIME DE PRÉCARITÉ;;;;
641160;PROVISIONS REPOS COMPENSATEUR;64116000;PROVISION REPOS COMPENSATEUR;;;;
641211;PROVISION PREAVIS PAYES NON EFFECTUES PRODUCTIFS;64121000;PROVISION PREAVIS NON EFFECTUE;;;;
641212;PROVISION PREAVIS PAYES NON EFFECTUES SUPPORT PRODUITS;64121000;PROVISION PREAVIS NON EFFECTUE;;;;
641213;PROVISION PREAVIS PAYES NON EFFECTUES COMMERCIAUX;64121000;PROVISION PREAVIS NON EFFECTUE;;;;
641214;PROVISION PREAVIS PAYES NON EFFECTUES ADMINISTRATIFS;64121000;PROVISION PREAVIS NON EFFECTUE;;;;
641221;PROV PLD BRUT PRODUCTIFS 271 CG;;;;;;
641222;PROV PLD BRUT SUPP PRODTS 272 CG;;;;;;
641241;PROV. CONGES PAYES ou RTT BRUT PRODUCTIFS (CG);64124000;PROVISION CONGÉS PAYÉS ET RTT BRUT (manuel);;;;
641242;PROV. CONGES PAYES ou RTT BRUT SUPPORT PRODUITS (CG);64124000;PROVISION CONGÉS PAYÉS ET RTT BRUT (manuel);;;;
641243;PROV. CONGES PAYES ou RTT BRUT COMMERCIAUX (CG);64124000;PROVISION CONGÉS PAYÉS ET RTT BRUT (manuel);;;;
641244;PROV. CONGES PAYES ou RTT BRUT ADMINISTRATIFS (CG);64124000;PROVISION CONGÉS PAYÉS ET RTT BRUT (manuel);;;;
641252;PRODUCTION IMMOBILISEE;;;;;;
641271;PROV. ASTREINTE BRUT PRODUCTIF;64127000;PROVISION ASTREINTE BRUT;;;;
641272;PROV. ASTREINTE BRUT SUPPORT PRODUIT;64127000;PROVISION ASTREINTE BRUT;;;;
641273;PROV. ASTREINTE BRUT COMMERCIAUX;64127000;PROVISION ASTREINTE BRUT;;;;
641274;PROV. ASTREINTE BRUT ADMINISTRATIFS;64127000;PROVISION ASTREINTE BRUT;;;;
641300;REMUNERATIONS VARIABLES;64130000;RÉMUNÉRATIONS VARIABLES;;;;
641311;PROV. VARIABLES PRODUCTIS;64131000;PROVISION PO;;;;
641312;PROV. VARIABLES SUPPORT PRODUITS;64131000;PROVISION PO;;;;
641313;PROV. VARIABLES COMMERCIAUX;64131000;PROVISION PO;;;;
641314;PROV. VARIABLES ADMINISTRATIFS;64131000;PROVISION PO;;;;
641320;AVANTAGES EN NATURE;64132000;AVANTAGES EN NATURE;;;;
641321;RETENUE AV NATURE;64132100;RETENUE AVANTAGE EN NATURE;;;;
641350;AUTRES PRIMES EXCEPTIONNELLES;64135000;AUTRES PRIMES EXCEPTIONNELLES;;;;
641400;PRIMES DE PANIERS NON IMPOSABL;64140000;PRIMES NON IMPOSABLE;;;;
641410;PRIMES DE TRANSPORT;64141000;PRIMES DE TRANSPORT;;;;
641412;IJ PREVOYANCE;64141200;IJ PRÉVOYANCE;;;;
641413;APPRENTI NON SOUMIS;64141500;AUTRES PRIMES ET INDEMNITES NON IMPOS/LIC (PAIE);;;;
641414;INDEMNITE STAGE ECOLE;64141500;AUTRES PRIMES ET INDEMNITES NON IMPOS/LIC (PAIE);;;;
641415;AUTRES PRIMES NON IMPOSABLES PRODUCTIFS (PAIE);64141500;AUTRES PRIMES ET INDEMNITES NON IMPOS/LIC (PAIE);;;;
641417;INDEMNITE DIF;;;;;;
641418;INDEMNITE RETRAITE NON IMPOSAB;64141800;INDEMNITÉS RETRAITE NON IMPOSABLES;;;;
641419;INDEMN RETAITE IMPOSABLE;64141900;INDEMNITÉS RETRAITE IMPOSABLES;;;;
641420;REMBOURS. MUT. PREVOY. IJSS;64142000;REMBOURSEMENT IJ PRÉVOYANCE;;;;
641421;PROVISION INDEMNITES LICENCIEMENT PRODUCTIFS;64142100;PROVISION INDEMNITÉS LICENCIEMENT ;;;;
641422;PROVISION INDEMNITES LICENCIEMENT SUPPORT PRODUITS;64142100;PROVISION INDEMNITÉS LICENCIEMENT ;;;;
641423;PROVISION INDEMNITES LICENCIEMENT COMMERCIAUX;64142100;PROVISION INDEMNITÉS LICENCIEMENT ;;;;
641424;PROVISION INDEMNITES LICENCIEMENT ADMINISTRATIFS;64142100;PROVISION INDEMNITÉS LICENCIEMENT ;;;;
641425;REMBOURSEMENT AIDE EMPLOI;64143000;REMBOURSEMENT RECUS D'ORGANISMES SOCIAUX;;;;
641431;REMBOURSEMENT FONGECIF PRODUCTIFS;64143000;REMBOURSEMENT RECUS D'ORGANISMES SOCIAUX;;;;
641432;REMBOURSEMENT FONGECIF SUPPORT PRODUITS;64143000;REMBOURSEMENT RECUS D'ORGANISMES SOCIAUX;;;;
641433;REMBOURSEMENT FONGECIF COMMERCIAUX;64143000;REMBOURSEMENT RECUS D'ORGANISMES SOCIAUX;;;;
641434;REMBOURSEMENT FONGECIF ADMINISTRATIFS;64143000;REMBOURSEMENT RECUS D'ORGANISMES SOCIAUX;;;;
641450;REGUL CSG/CRDS IJSS;64145000;REGULARISATION CSG/CRDS IJSS;;;;
641671;PROV REMBOURST FONGECIF PRODUCTIFS;64143000;REMBOURSEMENT RECUS D'ORGANISMES SOCIAUX;;;;
641672;PROV REMBOURST FONGECIF SUPPORT PRODUITS;64143000;REMBOURSEMENT RECUS D'ORGANISMES SOCIAUX;;;;
641673;PROV REMBOURST FONGECIF COMMERCIAUX;64143000;REMBOURSEMENT RECUS D'ORGANISMES SOCIAUX;;;;
641674;PROV REMBOURST FONGECIF ADMINISTRATIFS;64143000;REMBOURSEMENT RECUS D'ORGANISMES SOCIAUX;;;;
641911;PROV. SALAIRE BRUT PRODUCTIFS APPORT;;;;;;
641912;PROV. SALAIRE BRUT SUPPORT PRODUITS APPORT;;;;;;
641913;PROV. SALAIRE BRUT COMMERCIAUX APPORT;;;;;;
641914;PROV. SALAIRE BRUT ADMINISTRATIFS APPORT;;;;;;
645100;URSSAF;64511000;COTISATIONS URSSAF sur salaires;;;;
;;64512000;COTISATIONS URSSAF sur PO;;;;
;;64513000;COTISATIONS URSSAF sur autres primes et astreinte;;;;
;;64514000;COTISATIONS URSSAF sur CP;;;;
;;64515000;COTISATIONS URSSAF sur Restructuring;;;;
;;64516000;COTISATIONS URSSAF sur Retraite;;;;
645200;MUTUELLE PREVOYANCE;64521000;COTISATIONS MUTUELLES sur salaires;;;;
;;64522000;COTISATIONS MUTUELLES sur PO;;;;
;;64523000;COTISATIONS MUTUELLES sur aut primes et astreinte;;;;
;;64524000;COTISATIONS MUTUELLES sur CP;;;;
;;64525000;COTISATIONS MUTUELLES sur Restructuring;;;;
;;64526000;COTISATIONS MUTUELLES sur Retraite;;;;
645211;PROVISION CHARGES SUR PREAVIS PAYES NON EFFECTUES PRODUCTIFS;64561000;PROVISION CHARGES SUR PRÉAVIS NON EFFECTUES;;;;
645212;PROVISION CHARGES SUR PREAVIS PAYES NON EFFECTUES SUPPORT PRODUITS;64561000;PROVISION CHARGES SUR PRÉAVIS NON EFFECTUES;;;;
645213;PROVISION CHARGES SUR PREAVIS PAYES NON EFFECTUES COMMERCIAUX;64561000;PROVISION CHARGES SUR PRÉAVIS NON EFFECTUES;;;;
645214;PROVISION CHARGES SUR PREAVIS PAYES NON EFFECTUES ADMINISTRATIFS;64561000;PROVISION CHARGES SUR PRÉAVIS NON EFFECTUES;;;;
645221;;;;;;;
645222;;;;;;;
645241;PROV. CH/CONGES PAYES ou RTT BRUT PRODUCTIFS;64564100;PROVISION CHARGES CONGÉS PAYÉS OU RTT BRUT;;;;
645242;PROV. CH/CONGES PAYES ou RTT BRUT SUPPORT PRODUITS;64564100;PROVISION CHARGES CONGÉS PAYÉS OU RTT BRUT;;;;
645243;PROV. CH/CONGES PAYES ou RTT BRUT COMMERCIAUX;64564100;PROVISION CHARGES CONGÉS PAYÉS OU RTT BRUT;;;;
645244;PROV. CH/CONGES PAYES ou RTT BRUT ADMINISTRATIFS;64564100;PROVISION CHARGES CONGÉS PAYÉS OU RTT BRUT;;;;
645271;PROV. CH/ ASTREINTE PRODUCTIFS;64563000;PROVISION CHARGES ASTREINTE;;;;
645272;PROV. CH/ ASTREINTE SUPPORT PRODUCTIF;64563000;PROVISION CHARGES ASTREINTE;;;;
645273;PROV. CH/ ASTREINTE COMMERCIAUX;64563000;PROVISION CHARGES ASTREINTE;;;;
645274;PROV. CH/ ASTREINTE ADMINISTRATIFS;64563000;PROVISION CHARGES ASTREINTE;;;;
645300;CAISSES DE RETRAITE;64531000;COTISATIONS CAISSES DE RETRAITE sur salaires;;;;
;;64532000;COTISATIONS CAISSES DE RETRAITE sur PO;;;;
;;64533000;COTISATIONS CAISSES DE RETRAITE sur autres primes;;;;
;;64534000;COTISATIONS CAISSES DE RETRAITE sur CP;;;;
;;64535000;COTISATIONS CAISSES DE RETRAITE sur Restructuring;;;;
;;64536000;COTISATIONS CAISSES DE RETRAITE sur Retraite;;;;
645311;PROV. CHARGES/VARIABLES PRODUCTIFS;64562000;PROVISION CHARGES SUR PO;;;;
645312;PROV. CHARGES/VARIABLES SUPPORT PRODUITS;64562000;PROVISION CHARGES SUR PO;;;;
645313;PROV. VARIABLES COMMERCIAUX;64562000;PROVISION CHARGES SUR PO;;;;
645314;PROV. CHARGES/VARIABLES ADMINISTRATIFS;64562000;PROVISION CHARGES SUR PO;;;;
645400;POLE EMPLOI SERVICES;64541000;COTISATIONS POLEMPLOI sur salaires;;;;
;;64542000;COTISATIONS POLEMPLOI sur PO;;;;
;;64543000;COTISATIONS POLEMPLOI sur aut primes et astreintes;;;;
;;64544000;COTISATIONS POLEMPLOI sur CP;;;;
;;64545000;COTISATIONS POLEMPLOI sur Restructuring;;;;
;;64546000;COTISATIONS POLEMPLOI sur Retraite;;;;
645410;CHARGES SOCIALES APPORT;;;;;;
645520;PROV CHGES IJSS ET PREV (PAIES);64561400;PROVISION CHARGES IJSS ET PRÉVOYANCE (PAIE);;;;
645540;PROV. CH/13EME MOIS;64561100;PROVISION CHARGES 13 ÈME MOIS (PAIE);;;;
645550;PROV. CH/CONGES PAYES (PAIE);64564000;PROVISION CHARGES CONGÉS PAYÉS (PAIE);;;;
645560;PROV. CH/ ARTT (PAIE);64566000;PROVISION CHARGES ARTT (PAIE);;;;
645570;PROV. CH/ PRIME PRECAR;64567000;PROVISION CHARGES PRIME PRÉCARITÉ;;;;
645580;PROV.CH/PRIMES VACANCES;64568000;PROVISION CHARGES PRIMES VACANCES;;;;
645590;PROVISIONS CHARGES REPOS COMPENSATEUR;64569000;PROVISION CHARGES REPOS COMPENSATEUR;;;;
;;64565000;PROVISION CHARGES INDEMNITE LICENCIEMENT;;;;
;;64550000;AUTRES COTISATIONS SOCIALES A ventiler;;;;
;;64551000;AUTRES COTISATIONS SOCIALES sur salaires;;;;
;;64552000;AUTRES COTISATIONS SOCIALESs sur PO;;;;
;;64553000;AUTRES COTISATIONS SOCIALES sur autres primes;;;;
;;64554000;AUTRES COTISATIONS SOCIALES sur CP;;;;
;;64555000;AUTRES COTISATIONS SOCIALES sur Restructuring;;;;
;;64556000;AUTRES COTISATIONS SOCIALES sur Retraite;;;;
647100;TICKETS RESTAURANT;64710000;TICKETS RESTAURANT;;;;
647110;AUTRES CHARGES REST.ENTREP.;64711000;AUTRES CHARGES RESTAURANT ENTREPRISE;;;;
647200;COMITE D'ENTREPRISE;64720000;COMITE D'ENTREPRISE - D'ETABLISSEMENT;;;;
647201;VERSEMENT CHST;64720100;VERSEMENT CHSCT;;;;
647500;MEDECINE DU TRAVAIL PHARMACIE;64750000;MEDECINE DU TRAV. & PHARMACIE;;;;
648000;CICE;;;;;;
648001;CICE SUR CP;;;;;;
648100;AUTRES CHARGES DE PERSONNEL;64810000;AUTRES CHARGES DE PERSONNEL;;;;
648105;BRUT ALLOC HANDICAPES /CE;;;;;;
648110;CHARGES NON COTIS TELETRAVAIL;64811000;CHARGES NON COTISÉE TÉLÉTRAVAIL;;;;
648115;CH /ALLOC HANDICAPES /CE;;;;;;
651100;REDEVANCE ROYALTIES;65111000;REDEVANCE DISTRIBUTEUR LICENCE - ROYALTIES;;;;
651101;ROYALTIES INTRA GROUPE;;;;;;
651110;REDEVANCE DISTRIBUTEUR/LICENCE;65111000;REDEVANCE DISTRIBUTEUR LICENCE - ROYALTIES;;;;
653000;JETONS DE PRESENCE;65300000;JETONS DE PRÉSENCE;;;;
654400;PERTES SUR CREANCES IRRECOUV.;65400000;PERTES SUR CRÉANCES IRRÉCOUVRABLES ;;;;
656000;PERTES DE CHANGE SUR CREANCES COMMERCIALES;65400000;PERTES SUR CRÉANCES IRRÉCOUVRABLES ;;;;
658000;CHARGES DIVERSES GESTION COUR;65800000;CHARGES DIVERSES DE GESTION COURANTE;;;;
658100;DIFFERENCES DE REGLEMENT;65810000;DIFFÉRENCES DE RÈGLEMENT;;;;
661100;INTERETS SUR EMPRUNTS;66110000;INTÉRÊTS SUR EMPRUNTS;;;;
661500;INTERETS SUR COMPTES COURANTS;66150009;INTÉRÊTS COMPTES COURANT GROUPE;;;;
661600;COMMISSION SPECIALE FACTOR;66160000;COMMISSION FINANCIERE FACTOR;;;;
661610;COMMISSION D'ENGAGEMENTS;66161000;COMMISSION D'ENGAGEMENTS;;;;
661620;INTERETS BANCAIRES & AGIOS;66162000;INTÉRÊTS BANCAIRES & AGIOS;;;;
661810;INTERETS/DETTES COMMERCIALES;66181000;CH.D'INT.DES AUTRES DETTES COMMERCIALES;;;;
661880;INTERETS DES AUTRES DETTES;66188000;CH.D'INT.DES AUTRES DETTES DIVERSES;;;;
664000;PERTE S/CREANCE DE PARTICIPAT°;66400000;PERTES SUR CRÉANCES LIÉES À DES PARTICIPATIONS ;;;;
665000;ESCOMPTES ACCORDES;66500000;ESCOMPTES ACCORDES;;;;
666000;PERTE DE CHANGE;66600000;PERTES DE CHANGE;;;;
667000;CHARGES NETTES SUR CESSION VMP;66700000;CHARGES NETTES SUR CESSIONS DE VAL.MOB.DE PLACEMT;;;;
668000;AUTRES CHARGES FINANCIERES;66800000;AUTRES CHARGES FINANCIERES;;;;
668100;CHARGES FINANCIERES SUR SWAP;66810000;CHARGES FINANCIÈRE SUR SWAP;;;;
668600;FRAIS FINANCIERS ORANGE/CGA/OTE;66800000;AUTRES CHARGES FINANCIERES;;;;
668800;ARRONDI INTER DEVISES;66880000;ARRONDI INTER DEVISES;;;;
671000;CH EXCEPT. DIVERSES;67100000;CHARGES EXCEPTIONNELLES SUR OPÉRATIONS DE GESTION ;;;;
671001;CH EXCEPTIONNELLES RESTRUCTURATION (331);67100100;CH EXCEPTIONNELLES RESTRUCTURATION RH;;;;
671020;CH EXCEPTIONNELLES DEMENAGEMENTS;67102000;CHARGES EXCEPTIONNELLES DÉMÉNAGEMENTS;;;;
671030;CH EXCEPTIONNELLES MANAGEMENT ET ACQUISITIONS;67103000;CHARGES EXCEPTIONNELLES MANAGEMENT ET ACQUISITIONS;;;;
671100;PENALITES SUR MARCHES;67110000;CH.EXCEPT./OPER.GEST. - PENALITES / MARCHES;;;;
671200;PENALITES ET AMENDES FISCALES;67120000;CH.EXCEPT./OPER.GEST - PENALITES AMENDES FIS.& PEN;;;;
675100;V C E A C INCORPORELLES;67510000;VAL.COMPT.DES ELEM.D'ACTIF CEDES - IMMOB.INCORP.;;;;
675200;V C E A C CORPORELLES;67520000;VAL.COMPT.DES ELEM.D'ACTIF CEDES - IMMOB. CORP.;;;;
675600;V C E A C FINANCIERES;67560000;VAL.COMPT.DES ELEM.D'ACTIF CEDES - IMMOB.FIN.;;;;
678300;MALIS/CESSION ACTIONS PROPRES;67830000;AUTRES CH.EXCEPT.-MALIS / RACH.ENT.ACT.&OBLIG.;;;;
681100;DOT. AMORT. MARQUES;68105300;DOTATION AMORT MARQUES;Servantissimo;;;
681110;DOT AMORT LOGICIELS;68105100;DOTATION AMORT DES LOGICIELS ACQUIS;Servantissimo;;;
;;68105200;DOTATION AMORT DES LOGICIELS CREES INTERNE;Servantissimo;;;
681111;DOT AMORT RECHERCHE & DEVELOPP;68103000;DOTATION AMORT R&D et CONCEPTION DE LOGICIELS;Servantissimo;;;
681112;DOT AMORT FONDS COMMERCE;68107000;DOTATION AMORT FONDS COMMERCE;Servantissimo;;;
681113;DOT AMORT AG. CONSTRUCTION;68131500;DOTATION AMORT BATIMENTS AGENCEMENT CONSTRUCTION;Servantissimo;;;
681114;DOT AMORT FRAIS ETABISSEMENT;68101000;DOTATION AMORT FRAIS D'ÉTABLISSEMENT ;Servantissimo;;;
681121;DOT AMORT MAT INDUSTR INFORM;68154100;DOTATION AMORT MATÉRIEL INDUSTRIEL ET INFO;Servantissimo;;;
681123;DOT AMORT MATERIEL COMMUNIC;68154200;DOTATION AMORT MATÉRIEL COMMUNICATION;Servantissimo;;;
681124;DOT AMORT MATERIEL TRANSPORT;68182000;DOTATION AMORT MATÉRIEL TRANSPORT;Servantissimo;;;
681125;DOT AMORT AGENC MAT INFO;68157000;DOTATION AMORT AGENC/MAT&OUTIL.INDUSTRIEL;Servantissimo;;;
681126;DOT AMORT AGENCEM LOCAUX;68181000;DOTATION AMORT INSTALL AGENCEMENT;Servantissimo;;;
681127;DOT AMORT MATERIEL DE BUREAU;68183100;DOTATION AMORT MATERIEL DE BUREAU;Servantissimo;;;
681128;DOT AMORT MICRO INFORMATIQUE;68183000;DOTATION AMORT MAT INFORMATIQUE;Servantissimo;;;
681129;DOT AMORT MOBILIER BUREAU;68184000;DOTATION AMORT MOBILIER;Servantissimo;;;
;;68188000;DOTATION AMORT AUTRES IMMOBILISATIONS CORPORELLES;Servantissimo;;;
681200;DOT AMORT CHARG A REPARTIR;68120000;DOTATION AMORT DES CHARGES D'EXPLOIT. A REPARTIR;;;;
681500;DOT PROV POUR RISQUES ET CH.;68150000;DOTATION PROV. POUR RISQUES ET CHARGES D'EXPLOIT.;;;;
681513;DAP PAT;;;;;;
681530;PROV DOTATIONS RETRAITE;68153000;DOTATION PROV. RETRAITES;;;;
681610;DOT DEPRECIATION IMMO INCORPORELLES;68161000;A CRÉER;;;;
681730;DOT PROV DEP DES STOCKS;68173000;DOTATION PROV. POUR DEPREC. DES STOCKS ET EN COURS;;;;
681740;DOT PROV CREANCES DOUTEUSES;68174000;DOTATION PROV. POUR DEPREC. DES CREANCES;;;;
681741;DOT PROV CREANCES DOUT.STAT.;68174100;DOTATION PROV. POUR DÉPRÉCIATION CRÉANCES > 360 J;;;;
686500;DOT PROV PERTES DE CHANGE;68650000;DOTATION PROV. POUR RISQUES ET CHARGES FINANCIERS;;;;
686530;AUTRES DOTATIONS RETRAITES;68153000;DOTATION PROV. RETRAITES;;;;
686600;DOT DEPRECIATION TITRES;68660000;DOTATION PROV. DÉPRÉCIATION TIT DE PARTICIPATIONS;;;;
686620;DOT DEPRECIATION DEPOTS;68662000;DOTATION PROV. DÉPRÉCIATION DÉPÔTS;;;;
686640;DOT DEPRECIATION C/C;68664000;DOTATION PROV. DÉPRÉCIATION DES COMPTES COURANTS;;;;
686800;AUTRES DOTATIONS FINANCIERES;68680000;AUTRES DOTATIONS FINANCIERES;;;;
687100;DOT AMORT EXCEPTIONNEL DES IMMOS;68710000;DOTATION AMORT EXCEPTIONNELS DES IMMOBILISATIONS;;;;
687200;PROVISION POUR INVESTISSEMENTS;;;;;;
687250;AMORTISSEMENTS DEROGATOIRES;68725000;DOTATION AMORT DEROGATOIRES;;;;
687500;DOT PROV R. & CH. EXCEPTIONN.;68750000;DOTATION PROV. RISQUES ET CHARGES EXCEPTIONNELS;;;;
687530;PROVISIONS LITIGES SALARIES;68753000;DOTATION PROV. LITIGES SALARIES;;;;
687600;DOT PROV DEP EXCEPT;68760000;DOTATION PROV. DEPRECIATIONS EXCEPTIONNELLES;;;;
691100;PARTICIPATION DES SALARIES;69100000;PARTICIP.DES SALARIES AUX RESULTATS;;;;
691200;PRIME DE PARTAGE DES PROFITS;;;;;;
695100;IMPOT SOCIETE;69510000;IMPOT SUR LES BENEFICES ;;;;
698100;INTEG FISC - CHARGES;69810000;INTÉGRATION FISCALE CHARGES;;;;
698900;INTEGRATION FISCALE-PRODUITS;69890000;INTÉGRATION FISCALE PRODUITS;;;;
699000;CARRY-BACK;;;;;;
699001;CREDIT IMPOT RECHERCHE;69900100;CRÉDIT IMPÔT RECHERCHE;;;;
699002;CREDIT IMPOT APPRENTISSAGE;69900200;AUTRES CRÉDITS IMPÔTS;;;;
699003;CREDIT IMPOT FAMILLE;69900200;AUTRES CRÉDITS IMPÔTS;;;;
705126;FORFAIT INTEGRATION DE SYSTEMES (IP - ERP);70610000;PRESTATIONS DE SERVICES NATIONAL HG;;;;
705127;FORFAIT INGIENIERIE;70610000;PRESTATIONS DE SERVICES NATIONAL HG;;;;
705200;VENTES ASSISTANCE REGIE;70610000;PRESTATIONS DE SERVICES NATIONAL HG;;;;
705203;VENTES ASSISTANCE REGIE EXPORT;70630000;PRESTATIONS DE SERVICES Hors UE;;;;
;;70620000;PRESTATIONS DE SERVICES UE;;;;
705226;FORFAIT INTEGRATION DE SYSTEMES (IP - ERP) EXPORT;70630000;PRESTATIONS DE SERVICES Hors UE;;;;
;;70620000;PRESTATIONS DE SERVICES UE;;;;
705227;FORFAIT INGIENIERIE EXPORT;70630000;PRESTATIONS DE SERVICES Hors UE;;;;
;;70620000;PRESTATIONS DE SERVICES UE;;;;
705232;VENTES RESSOURCES GROUPE;70610009;PRESTATIONS DE SERVICES NATIONAL GROUPE;;;;
705233;VENTES RESSOURCES GROUPE EXPORT;70630009;PRESTATIONS DE SERVICES Hors UE GROUPE;;;;
;;70620009;PRESTATIONS DE SERVICES UE GROUPE;;;;
705700;VENTES LICENCES PROPRES;70610000;PRESTATIONS DE SERVICES NATIONAL HG;;;;
705703;VENTES LICENCES PROPRES EXPORT;70630000;PRESTATIONS DE SERVICES Hors UE;;;;
;;70620000;PRESTATIONS DE SERVICES UE;;;;
705732;VENTES LICENCES GROUPE;70610009;PRESTATIONS DE SERVICES NATIONAL GROUPE;;;;
705733;VENTES LICENCES GROUPE EXPORT;70630009;PRESTATIONS DE SERVICES Hors UE GROUPE;;;;
;;70620009;PRESTATIONS DE SERVICES UE GROUPE;;;;
706201;INFOGERANCE D INFRASTRUCTURE;70610000;PRESTATIONS DE SERVICES NATIONAL HG;;;;
;;70610009;PRESTATIONS DE SERVICES NATIONAL GROUPE;;;;
706202;INFOGERANCE D INFRASTRUCTURE EXPORT;70630000;PRESTATIONS DE SERVICES Hors UE;;;;
;;70620000;PRESTATIONS DE SERVICES UE;;;;
706204;ASP ( Revenu ? la transaction);70610000;PRESTATIONS DE SERVICES NATIONAL HG;;;;
706205;ASP ( Revenu ? la transaction) EXPORT;70630000;PRESTATIONS DE SERVICES Hors UE;;;;
;;70620000;PRESTATIONS DE SERVICES UE;;;;
706600;MAINTENANCE SUR LOGICIELS PROPRES;70610000;PRESTATIONS DE SERVICES NATIONAL HG;;;;
706603;MAINTENANCE SUR LOGICIELS PROPRES EXPORT;70630000;PRESTATIONS DE SERVICES Hors UE;;;;
;;70620000;PRESTATIONS DE SERVICES UE;;;;
706632;MAINTENANCE GROUPE;70610009;PRESTATIONS DE SERVICES NATIONAL GROUPE;;;;
706633;MAINTENANCE GROUPE EXPORT;70630009;PRESTATIONS DE SERVICES Hors UE GROUPE;;;;
;;70620009;PRESTATIONS DE SERVICES UE GROUPE;;;;
706660;VENTES DE MAINTENANCE / AR;70610000;PRESTATIONS DE SERVICES NATIONAL HG;;;;
706663;VENTE DE MAINTENANCE / AR EXP.;70630000;PRESTATIONS DE SERVICES Hors UE;;;;
;;70620000;PRESTATIONS DE SERVICES UE;;;;
706700;VENTES FORMATION;70610000;PRESTATIONS DE SERVICES NATIONAL HG;;;;
;;70610009;PRESTATIONS DE SERVICES NATIONAL GROUPE;;;;
706703;VENTES FORMATION EXPORT;70630000;PRESTATIONS DE SERVICES Hors UE;;;;
;;70620000;PRESTATIONS DE SERVICES UE;;;;
706733;VENTES FORMATION GROUPE EXPORT;70630009;PRESTATIONS DE SERVICES Hors UE GROUPE;;;;
;;70620009;PRESTATIONS DE SERVICES UE GROUPE;;;;
706800;TIERCE MAINTENANCE APPLICATIVE;70610000;PRESTATIONS DE SERVICES NATIONAL HG;;;;
707100;VENTES DE MATERIEL / AUTRE;70710000;VENTES DE MARCHANDISES NATIONAL HG;;;;
707103;VENTES DE MATERIEL / AUTRE EXPORT;70730000;VENTES DE MARCHANDISES hors UE;;;;
;;70720000;VENTES DE MARCHANDISES UE;;;;
707132;VENTES DE MATERIEL GROUPE;70710009;VENTES DE MARCHANDISES NATIONAL GROUPE;;;;
707133;VENTES MATERIEL GROUPE EXPORT;70730009;VENTES DE MARCHANDISES hors UE GROUPE;;;;
;;70720009;VENTES DE MARCHANDISES UE GROUPE;;;;
707300;VENTES DE LICENCES ACHETEES;70710000;VENTES DE MARCHANDISES NATIONAL HG;;;;
707303;VENTES DE LICENCES ACHETEES EXPORT;70730000;VENTES DE MARCHANDISES hors UE;;;;
708510;REFACT FRAIS DE DEPLACEMENT;70810000;ACTIVITES ANNEXES NATIONAL HG;;;;
708513;REFACT FRAIS DEPLACEM EXPORT;70830000;ACTIVITES ANNEXES hors UE;;;;
;;70820000;ACTIVITES ANNEXES UE;;;;
708533;REFACT DEPLACEM GROUPE EXPORT;70830009;ACTIVITES ANNEXES hors UE GROUPE;;;;
;;70820009;ACTIVITES ANNEXES UE GROUPE;;;;
708800;VENTES DIVERSES;70810000;ACTIVITES ANNEXES NATIONAL HG;;;;
708803;VENTES DIVERSES EXPORT;70830000;ACTIVITES ANNEXES hors UE;;;;
;;70820000;ACTIVITES ANNEXES UE;;;;
708832;FEES;70811009;MANAGEMENT FEES LOCAL;;;;
;;70821009;MANAGEMENT FEES UE;;;;
;;70831009;MANAGEMENT FEES HORS EU;;;;
708833;VENTES DIVERSES GROUPE EXPORT;70830009;ACTIVITES ANNEXES hors UE GROUPE;;;;
;;70820009;ACTIVITES ANNEXES UE GROUPE;;;;
708842;REFACTURATION LOCATION GERANCE GROUPE;70810009;ACTIVITES ANNEXES NATIONAL GROUPE;;;;
708862;REFACTURATION LOCATION IMMOBILIERE GROUPE;70810009;ACTIVITES ANNEXES NATIONAL GROUPE;;;;
709500;RABAIS ET REMISES ACCORDES;70951000;RABAIS, REMISES ET RISTOURNES ACCORDÉS NATIONAL;;;;
;;70952000;RABAIS, REMISES ET RISTOURNES ACCORDÉS UE;;;;
;;70953000;RABAIS, REMISES ET RISTOURNES ACCORDÉS hors UE;;;;
713300;VARIATION EN COURS PRODUC BIENS;;;;;;
713450;VARIATION DE SERVICES EN COURS;;;;;;
721000;Production immobilisée corporelle;;;;;;
722000;Production immobilisée incorporelle;72100000;PRODUCTION IMMOBILISEE -IMMOB.INCORPORELLES;;;;
740000;SUBVENTIONS D'EXPLOITATION;74000000;SUBVENTIONS D'EXPLOITATION;;;;
752422;C/C BIS TIKAWA;;;;;;
756000;GAINS DE CHANGE SUR CREANCES COMMERCIALES;;;;;;
758000;PROD DIVERS GESTION COURANTE;75800000;PRODUITS DIVERS DE GESTION COURANTE;;;;
758100;DIFFERENCES DE REGLEMENT;75810000;DIFFÉRENCES DE RÈGLEMENT;;;;
761100;REVENUS TITRES PARTICIPATION;76110000;REVENUS DES TITRES DE PARTICIPATION;;;;
761500;REVENUS DES C/C;76150009;REVENUS DES CC;;;;
762400;REVENUS DES PRETS;76240000;REVENUS DES PRETS;;;;
763100;INTERETS DE RETARD & MORATOIRE;76310000;REVENUS DES CREANCES COMMERCIALES;;;;
763800;REVENUS DES CREANCES DIVERSES;76380000;REVENUS DES CREANCES DIVERSES;;;;
764000;REVENUS V M P;76400000;REVENUS DES VALEURS MOBILIERES DE PLACEMENT;;;;
765000;ESCOMPTE OBTENU;76500000;ESCOMPTES OBTENUS;;;;
766000;GAIN DE CHANGE;76600000;GAINS DE CHANGE;;;;
767000;PRODUITS NETS SUR CESSIONS VMP;76700000;PROD.NETS / CESSIONS DE VAL.MOBIL.DE PLACEMENT;;;;
768000;AUTRES PRODUITS FINANCIERS;76800000;AUTRES PRODUITS FINANCIERS;;;;
768100;PRODUITS FINANCIERS SUR SWAP;76810000;PRODUITS FINANCIERS SUR SWAP;;;;
768600;PRODUITS FINANCIERS ORANGE/CGA/OTE;76800000;AUTRES PRODUITS FINANCIERS;;;;
771000;PROD. EXCEPT DIVERS;77100000;PRODUITS EXCEPTIONNELS SUR OPÉRATIONS DE GESTION ;;;;
775100;P C E A C INCORPORELLES;77510000;PROD./ CESS.D'ELEM.D'ACTIF : IMMOB.INCORPORELLES;;;;
775200;P C E A C CORPORELLES;77520000;PROD./ CESS.D'ELEM.D'ACTIF : IMMOB.CORPORELLES;;;;
775300;P C E A C FINANCIERES;77560000;PRODUITS DES CESSIONS D'ÉLÉMENTS D'ACTIF FINANCIER;;;;
778300;BONIS/RACHAT ACTIONS PROPRES;77830000;BONI.PROV.RACH.PAR ENT.ACT.& OBLIG.EMIS.PAR ELLE;;;;
781100;REPRISE PROV DEPREC IMMO;78110000;REPRISE SUR AMORTISSEMENTS DES IMMOBILISATIONS ;;;;
781500;REPR PROV RISQ & CHARG EXPLOIT;78150000;REPRISE PROV POUR RISQUES ET CHARGES EXPLOITATION;;;;
781513;RAP PAT;;;;;;
781530;REPRISE PROV RETRAITE;78153000;REPRISE PROVISIONS RETRAITE;;;;
781730;REPR PROV DEP DES STOCKS;78173000;REPRISE PROV.DEPREC.DES STOCKS & EN-COURS;;;;
781740;REPR PROV CREANCES DOUTEUSES;78174000;REPRISE PROV. POUR DEPREC.DES CREANCES;;;;
781741;REPR PROV CREANCES >360 J;78174100;REPRISE PROV. POUR DÉPRÉCIATION CRÉANCES > 360 J;;;;
786500;REPR PROV CHARGE FINANCIERE;78650000;REPRISE PROV. POUR RISQUES ET CHARGES FINANCIERS;;;;
786600;REPR PROV DEP DES TITRES;78650000;REPRISE PROV. POUR RISQUES ET CHARGES FINANCIERS;;;;
786620;REPRISE DEPRECIATION DEPOT;78662000;REPRISE PROV. POUR DEPREC. DES DEPOTS;;;;
786640;REPRISE DEPRECIATION C/C;78664000;REPRISE PROV DEP CREANCES RATTACHEE;;;;
786800;REP AUTRE PROV FINANCIERE;78650000;REPRISE PROV. POUR RISQUES ET CHARGES FINANCIERS;;;;
787100;REPR DOT AMORT EXCEP;78725000;REPRISE PROV AMORT DEROGATOIRES ;;;;
787200;REPR PROV INVESTISSEMENT;;;;;;
787250;REPRISE PROV REGLEMENTE;78725000;REPRISE PROV AMORT DEROGATOIRES ;;;;
787500;REPR PROV R. & CH. EXCEPTIONN.;78750000;REPRISE PROV. POUR RISQUES & CHARGES EXCEPTIONNELS;;;;
787530;RAP LITIGES SALARIES;78753000;REPRISE PROV LITIGES SALARIES;;;;
787600;REPRISE PROV DEP EXECEPT;78760000;REPRISE PROV. POUR DEPRECIATIONS EXCEPTIONNELLES;;;;
789000;REPRISE PROVISION IMPOTS;;;;;;
791000;TRANSFERTS DE CH. D'EXPLOIT. DIVERSES;79100000;TRANSFERTS DE CHARGES D'EXPLOITATION;;;;
791001;TRANSFERTS DE CH. RESTRUCTURATION (331);79100100;TRANSFERTS DE CHARGES D'EXPLOITATION Restruct RH;;;;
796000;TRANSFERT DE CH. FINANCIERES;79600000;TRANSFERTS DE CHARGES FINANCIERES;;;;
797000;TRANSFERT DE CH. EXCEPTIONN.;79700000;TRANSFERTS DE CHARGES EXCEPTIONNELLES;;;;
890000;FEC- REPORT A NOUVEAU;;;;;;
